,DATE,STREET1,STREET2,DISTRICT,LATITUDE,LONGITUDE,TRAFFCTL,VISIBILITY,LIGHT,RDSFCOND,ACCLASS,IMPACTYPE,INVTYPE,INVAGE,INJURY,NEIGHBOURHOOD_158
15046,2018-10-10 08:00:00,OSSINGTON AVE,COLLEGE ST,Toronto and East York,43.654326,-79.422664,Traffic Signal,Clear,Daylight,Dry,Non-Fatal Injury,Pedestrian Collisions,Pedestrian,75 to 79,Major,Trinity-Bellwoods
15047,2018-10-11 08:00:00,RUNNYMEDE RD,BLOOR ST W,Etobicoke York,43.651065,-79.47626,Traffic Controller,Clear,"Daylight, artificial",Dry,Non-Fatal Injury,Turning Movement,Driver,20 to 24,,High Park-Swansea
15048,2018-10-11 08:00:00,RUNNYMEDE RD,BLOOR ST W,Etobicoke York,43.651065,-79.47626,Traffic Controller,Clear,"Daylight, artificial",Dry,Non-Fatal Injury,Turning Movement,Motorcycle Driver,25 to 29,Major,High Park-Swansea
15049,2018-10-12 08:00:00,GERRARD ST E,LAWLOR AVE,Toronto and East York,43.685912,-79.290714,No Control,Clear,Daylight,Dry,Non-Fatal Injury,Pedestrian Collisions,Driver,15 to 19,,East End-Danforth
15050,2018-10-12 08:00:00,GERRARD ST E,LAWLOR AVE,Toronto and East York,43.685912,-79.290714,No Control,Clear,Daylight,Dry,Non-Fatal Injury,Pedestrian Collisions,Passenger,15 to 19,,East End-Danforth
15051,2018-10-12 08:00:00,GERRARD ST E,LAWLOR AVE,Toronto and East York,43.685912,-79.290714,No Control,Clear,Daylight,Dry,Non-Fatal Injury,Pedestrian Collisions,Pedestrian,20 to 24,Major,East End-Danforth
15052,2018-10-12 08:00:00,BLOOR ST W,RUNNYMEDE RD,Etobicoke York,43.651065,-79.47626,Traffic Controller,Clear,Daylight,Dry,Non-Fatal Injury,Cyclist Collisions,Driver,75 to 79,,High Park-Swansea
15053,2018-10-12 08:00:00,BLOOR ST W,RUNNYMEDE RD,Etobicoke York,43.651065,-79.47626,Traffic Controller,Clear,Daylight,Dry,Non-Fatal Injury,Cyclist Collisions,Cyclist,30 to 34,Major,High Park-Swansea
15054,2018-10-13 08:00:00,BIRCHMOUNT RD,KINGSTON RD,Scarborough,43.692973,-79.262294,Traffic Signal,Clear,Daylight,Dry,Non-Fatal Injury,Pedestrian Collisions,Driver,45 to 49,,Birchcliffe-Cliffside
15055,2018-10-13 08:00:00,BIRCHMOUNT RD,KINGSTON RD,Scarborough,43.692973,-79.262294,Traffic Signal,Clear,Daylight,Dry,Non-Fatal Injury,Pedestrian Collisions,Pedestrian,65 to 69,Major,Birchcliffe-Cliffside
15056,2018-10-15 08:00:00,YONGE ST,CARLTON ST,Toronto and East York,43.660144,-79.382587,No Control,Clear,Daylight,Wet,Non-Fatal Injury,Pedestrian Collisions,Driver,45 to 49,,Downtown Yonge East
15057,2018-10-15 08:00:00,YONGE ST,CARLTON ST,Toronto and East York,43.660144,-79.382587,No Control,Clear,Daylight,Wet,Non-Fatal Injury,Pedestrian Collisions,Pedestrian,75 to 79,Major,Downtown Yonge East
15058,2018-10-18 08:00:00,1491 LAKE SHORE BLVD W,,Toronto and East York,43.636378,-79.444034,No Control,Clear,Daylight,Dry,Non-Fatal Injury,Approaching,Driver,25 to 29,Major,South Parkdale
15059,2018-10-18 08:00:00,1491 LAKE SHORE BLVD W,,Toronto and East York,43.636378,-79.444034,No Control,Clear,Daylight,Dry,Non-Fatal Injury,Approaching,Truck Driver,60 to 64,,South Parkdale
15060,2018-10-18 08:00:00,OSSINGTON AVE,NORTHUMBERLAND ST,Toronto and East York,43.663294,-79.426227,No Control,Clear,Daylight,Dry,Fatal,Pedestrian Collisions,Driver,30 to 34,,Dovercourt Village
15061,2018-10-18 08:00:00,OSSINGTON AVE,NORTHUMBERLAND ST,Toronto and East York,43.663294,-79.426227,No Control,Clear,Daylight,Dry,Fatal,Pedestrian Collisions,Pedestrian,Over 95,Fatal,Dovercourt Village
15062,2018-10-18 08:00:00,GODSTONE RD,FAIRVIEW MALL DR,North York,43.779563,-79.345691,Traffic Signal,Clear,"Dark, artificial",Dry,Non-Fatal Injury,Pedestrian Collisions,Driver,45 to 49,,Don Valley Village
15063,2018-10-18 08:00:00,GODSTONE RD,FAIRVIEW MALL DR,North York,43.779563,-79.345691,Traffic Signal,Clear,"Dark, artificial",Dry,Non-Fatal Injury,Pedestrian Collisions,Pedestrian,50 to 54,Major,Don Valley Village
15064,2018-10-19 08:00:00,BATHURST ST,BRIAR HILL AVE,North York,43.707854,-79.427013,Traffic Signal,Clear,"Dark, artificial",Dry,Non-Fatal Injury,Pedestrian Collisions,Driver,25 to 29,,Forest Hill North
15065,2018-10-19 08:00:00,BATHURST ST,BRIAR HILL AVE,North York,43.707854,-79.427013,Traffic Signal,Clear,"Dark, artificial",Dry,Non-Fatal Injury,Pedestrian Collisions,Pedestrian,30 to 34,Major,Forest Hill North
15066,2018-10-19 08:00:00,KING ST W,DUNN AVE,Toronto and East York,43.637671,-79.433238,Traffic Signal,Clear,"Dark, artificial",Dry,Non-Fatal Injury,Pedestrian Collisions,Driver,65 to 69,,South Parkdale
15067,2018-10-19 08:00:00,KING ST W,DUNN AVE,Toronto and East York,43.637671,-79.433238,Traffic Signal,Clear,"Dark, artificial",Dry,Non-Fatal Injury,Pedestrian Collisions,Pedestrian,45 to 49,Major,South Parkdale
15068,2018-10-19 08:00:00,KING ST W,DUNN AVE,Toronto and East York,43.637671,-79.433238,Traffic Signal,Clear,"Dark, artificial",Dry,Non-Fatal Injury,Pedestrian Collisions,Passenger,55 to 59,,South Parkdale
15069,2018-10-19 08:00:00,ELLESMERE RD,MIDLAND AVE,Scarborough,43.767852,-79.271076,Traffic Signal,Clear,"Dark, artificial",Dry,Non-Fatal Injury,Pedestrian Collisions,Driver,30 to 34,,Bendale-Glen Andrew
15070,2018-10-19 08:00:00,ELLESMERE RD,MIDLAND AVE,Scarborough,43.767852,-79.271076,Traffic Signal,Clear,"Dark, artificial",Dry,Non-Fatal Injury,Pedestrian Collisions,Pedestrian,15 to 19,Major,Bendale-Glen Andrew
15071,2018-10-21 08:00:00,BREMNER BLVD,LOWER SIMCOE ST,Toronto and East York,43.642443,-79.383289,No Control,Clear,Daylight,Dry,Non-Fatal Injury,Turning Movement,Motorcycle Driver,35 to 39,Major,Harbourfront-CityPlace
15072,2018-10-21 08:00:00,BREMNER BLVD,LOWER SIMCOE ST,Toronto and East York,43.642443,-79.383289,No Control,Clear,Daylight,Dry,Non-Fatal Injury,Turning Movement,Driver,45 to 49,,Harbourfront-CityPlace
15073,2018-10-22 08:00:00,PHARMACY AVE,CAMILLA CRES,Scarborough,43.713446,-79.292461,No Control,Clear,Daylight,Dry,Non-Fatal Injury,Pedestrian Collisions,Passenger,25 to 29,,Clairlea-Birchmount
15074,2018-10-22 08:00:00,PHARMACY AVE,CAMILLA CRES,Scarborough,43.713446,-79.292461,No Control,Clear,Daylight,Dry,Non-Fatal Injury,Pedestrian Collisions,Pedestrian,20 to 24,Major,Clairlea-Birchmount
15075,2018-10-22 08:00:00,PHARMACY AVE,CAMILLA CRES,Scarborough,43.713446,-79.292461,No Control,Clear,Daylight,Dry,Non-Fatal Injury,Pedestrian Collisions,Driver,50 to 54,,Clairlea-Birchmount
15076,2018-10-22 08:00:00,DUNDAS ST W,WINDERMERE AVE,North York,43.665557,-79.485881,No Control,Clear,"Dark, artificial",Dry,Non-Fatal Injury,Pedestrian Collisions,Truck Driver,60 to 64,,Runnymede-Bloor West Village
15077,2018-10-22 08:00:00,DUNDAS ST W,WINDERMERE AVE,North York,43.665557,-79.485881,No Control,Clear,"Dark, artificial",Dry,Non-Fatal Injury,Pedestrian Collisions,Pedestrian,75 to 79,Major,Runnymede-Bloor West Village
15078,2018-10-24 08:00:00,1315 LAWRENCE AVE E,,North York,43.740798,-79.323734,No Control,Clear,Daylight,Dry,Non-Fatal Injury,SMV Other,Driver,unknown,,Victoria Village
15079,2018-10-24 08:00:00,1315 LAWRENCE AVE E,,North York,43.740798,-79.323734,No Control,Clear,Daylight,Dry,Non-Fatal Injury,SMV Other,Driver,45 to 49,Major,Victoria Village
15080,2018-10-24 08:00:00,MARLEE AVE,DELL PARK AVE,North York,43.71408,-79.445865,No Control,Clear,Daylight,Dry,Non-Fatal Injury,Cyclist Collisions,Driver,25 to 29,,Yorkdale-Glen Park
15081,2018-10-24 08:00:00,MARLEE AVE,DELL PARK AVE,North York,43.71408,-79.445865,No Control,Clear,Daylight,Dry,Non-Fatal Injury,Cyclist Collisions,Cyclist,30 to 34,Major,Yorkdale-Glen Park
15082,2018-10-24 08:00:00,SIMCOE ST,ADELAIDE ST W,Toronto and East York,43.648566,-79.386577,Traffic Signal,Clear,"Dark, artificial",Dry,Non-Fatal Injury,Pedestrian Collisions,Driver,35 to 39,,Yonge-Bay Corridor
15083,2018-10-24 08:00:00,SIMCOE ST,ADELAIDE ST W,Toronto and East York,43.648566,-79.386577,Traffic Signal,Clear,"Dark, artificial",Dry,Non-Fatal Injury,Pedestrian Collisions,Passenger,35 to 39,,Yonge-Bay Corridor
15084,2018-10-24 08:00:00,SIMCOE ST,ADELAIDE ST W,Toronto and East York,43.648566,-79.386577,Traffic Signal,Clear,"Dark, artificial",Dry,Non-Fatal Injury,Pedestrian Collisions,Pedestrian,25 to 29,Major,Yonge-Bay Corridor
15085,2018-10-25 08:00:00,WILFRED AVE,OLIVE AVE,North York,43.781642,-79.401424,No Control,Clear,"Dark, artificial",Dry,Non-Fatal Injury,Pedestrian Collisions,Driver,unknown,,East Willowdale
15086,2018-10-25 08:00:00,WILFRED AVE,OLIVE AVE,North York,43.781642,-79.401424,No Control,Clear,"Dark, artificial",Dry,Non-Fatal Injury,Pedestrian Collisions,Pedestrian,65 to 69,Major,East Willowdale
15087,2018-10-25 08:00:00,BROWNS LINE,VALERMO DR,Etobicoke York,43.605952,-79.547092,Traffic Signal,Clear,"Dark, artificial",Dry,Non-Fatal Injury,Turning Movement,Driver,50 to 54,,Alderwood
15088,2018-10-25 08:00:00,BROWNS LINE,VALERMO DR,Etobicoke York,43.605952,-79.547092,Traffic Signal,Clear,"Dark, artificial",Dry,Non-Fatal Injury,Turning Movement,Motorcycle Driver,50 to 54,Major,Alderwood
15089,2018-10-25 08:00:00,BROWNS LINE,VALERMO DR,Etobicoke York,43.605952,-79.547092,Traffic Signal,Clear,"Dark, artificial",Dry,Non-Fatal Injury,Turning Movement,Motorcycle Passenger,10 to 14,Minor,Alderwood
15090,2018-10-26 08:00:00,DANFORTH AVE,BROADVIEW AVE,Toronto and East York,43.676131,-79.358829,Traffic Signal,Clear,Daylight,Dry,Non-Fatal Injury,Sideswipe,Driver,unknown,,North Riverdale
15091,2018-10-26 08:00:00,DANFORTH AVE,BROADVIEW AVE,Toronto and East York,43.676131,-79.358829,Traffic Signal,Clear,Daylight,Dry,Non-Fatal Injury,Sideswipe,Driver,65 to 69,Major,North Riverdale
15092,2018-10-29 08:00:00,ST CLAIR AVE W,OLD WESTON RD,Etobicoke York,43.673464,-79.463008,Traffic Signal,Clear,"Dark, artificial",Dry,Non-Fatal Injury,Pedestrian Collisions,Driver,20 to 24,,Weston-Pelham Park
15093,2018-10-29 08:00:00,ST CLAIR AVE W,OLD WESTON RD,Etobicoke York,43.673464,-79.463008,Traffic Signal,Clear,"Dark, artificial",Dry,Non-Fatal Injury,Pedestrian Collisions,Pedestrian,30 to 34,Major,Weston-Pelham Park
15094,2018-10-30 08:00:00,STEELES AVE E,WARDEN AVE,Scarborough,43.81956,-79.324397,Traffic Signal,Clear,Daylight,Dry,Non-Fatal Injury,Cyclist Collisions,Cyclist,80 to 84,Major,Steeles
15095,2018-10-30 08:00:00,STEELES AVE E,WARDEN AVE,Scarborough,43.81956,-79.324397,Traffic Signal,Clear,Daylight,Dry,Non-Fatal Injury,Cyclist Collisions,Driver,45 to 49,,Steeles
15096,2018-10-31 08:00:00,CARLAW AVE,LAKE SHORE BLVD E,Toronto and East York,43.654887,-79.337398,Traffic Signal,Rain,"Dark, artificial",Wet,Non-Fatal Injury,Pedestrian Collisions,Driver,30 to 34,Major,South Riverdale
15097,2018-10-31 08:00:00,CARLAW AVE,LAKE SHORE BLVD E,Toronto and East York,43.654887,-79.337398,Traffic Signal,Rain,"Dark, artificial",Wet,Non-Fatal Injury,Pedestrian Collisions,Pedestrian,20 to 24,Minor,South Riverdale
15098,2018-10-31 08:00:00,DUNDAS ST E,SHERBOURNE ST,Scarborough,43.658221,-79.37099,No Control,Rain,Dark,Wet,Non-Fatal Injury,Pedestrian Collisions,Driver,40 to 44,,Moss Park
15099,2018-10-31 08:00:00,DUNDAS ST E,SHERBOURNE ST,Scarborough,43.658221,-79.37099,No Control,Rain,Dark,Wet,Non-Fatal Injury,Pedestrian Collisions,Pedestrian,35 to 39,Major,Moss Park
15100,2018-10-31 08:00:00,1491 LAKE SHORE BLVD W,,Toronto and East York,43.636973,-79.4453,No Control,Rain,"Daylight, artificial",Wet,Non-Fatal Injury,Sideswipe,Driver,35 to 39,,South Parkdale
15101,2018-10-31 08:00:00,1491 LAKE SHORE BLVD W,,Toronto and East York,43.636973,-79.4453,No Control,Rain,"Daylight, artificial",Wet,Non-Fatal Injury,Sideswipe,Passenger,15 to 19,Minor,South Parkdale
15102,2018-10-31 08:00:00,1491 LAKE SHORE BLVD W,,Toronto and East York,43.636973,-79.4453,No Control,Rain,"Daylight, artificial",Wet,Non-Fatal Injury,Sideswipe,Driver,40 to 44,Major,South Parkdale
15103,2018-11-01 08:00:00,AVENUE RD,GLENGARRY AVE,North York,43.722941,-79.415889,No Control,Rain,Dark,Dry,Fatal,Rear End,Driver,45 to 49,,Bedford Park-Nortown
15104,2018-11-01 08:00:00,AVENUE RD,GLENGARRY AVE,North York,43.722941,-79.415889,No Control,Rain,Dark,Dry,Fatal,Rear End,Driver,unknown,,Bedford Park-Nortown
15105,2018-11-01 08:00:00,AVENUE RD,GLENGARRY AVE,North York,43.722941,-79.415889,No Control,Rain,Dark,Dry,Fatal,Rear End,Driver,unknown,,Bedford Park-Nortown
15106,2018-11-01 08:00:00,AVENUE RD,GLENGARRY AVE,North York,43.722941,-79.415889,No Control,Rain,Dark,Dry,Fatal,Rear End,Passenger,55 to 59,Fatal,Bedford Park-Nortown
15107,2018-11-01 08:00:00,DANFORTH AVE,WESTLAKE AVE,Toronto and East York,43.687472,-79.304965,Traffic Signal,Rain,"Dark, artificial",Wet,Non-Fatal Injury,Pedestrian Collisions,Driver,75 to 79,Major,East End-Danforth
15108,2018-11-01 08:00:00,DANFORTH AVE,WESTLAKE AVE,Toronto and East York,43.687472,-79.304965,Traffic Signal,Rain,"Dark, artificial",Wet,Non-Fatal Injury,Pedestrian Collisions,Passenger,70 to 74,Major,East End-Danforth
15109,2018-11-01 08:00:00,DANFORTH AVE,WESTLAKE AVE,Toronto and East York,43.687472,-79.304965,Traffic Signal,Rain,"Dark, artificial",Wet,Non-Fatal Injury,Pedestrian Collisions,Pedestrian,30 to 34,Minimal,East End-Danforth
15110,2018-11-01 08:00:00,KIPLING  AVE,ANNABELLE  DR,Etobicoke York,43.750846,-79.58575,Traffic Signal,Clear,Dark,Dry,Fatal,Pedestrian Collisions,Pedestrian,90 to 94,Fatal,Mount Olive-Silverstone-Jamestown
15111,2018-11-01 08:00:00,KIPLING  AVE,ANNABELLE  DR,Etobicoke York,43.750846,-79.58575,Traffic Signal,Clear,Dark,Dry,Fatal,Pedestrian Collisions,Driver,70 to 74,,Mount Olive-Silverstone-Jamestown
15112,2018-11-01 08:00:00,WILSON AVE,DUBRAY AVE,North York,43.728091,-79.477702,Traffic Signal,Rain,"Daylight, artificial",Wet,Non-Fatal Injury,Turning Movement,Driver,30 to 34,Major,Downsview
15113,2018-11-01 08:00:00,WILSON AVE,DUBRAY AVE,North York,43.728091,-79.477702,Traffic Signal,Rain,"Daylight, artificial",Wet,Non-Fatal Injury,Turning Movement,Driver,50 to 54,,Downsview
15114,2018-11-01 08:00:00,ALBION RD,HUMBERLINE DR,Etobicoke York,43.746806,-79.621974,Traffic Signal,Rain,Dark,Wet,Non-Fatal Injury,Pedestrian Collisions,Driver,50 to 54,,West Humber-Clairville
15115,2018-11-01 08:00:00,ALBION RD,HUMBERLINE DR,Etobicoke York,43.746806,-79.621974,Traffic Signal,Rain,Dark,Wet,Non-Fatal Injury,Pedestrian Collisions,Pedestrian,30 to 34,Major,West Humber-Clairville
15116,2018-11-02 08:00:00,MCNICOLL AVE,VICTORIA PARK AVE,Scarborough,43.804274,-79.334911,No Control,Clear,"Dark, artificial",Wet,Non-Fatal Injury,SMV Other,Driver,30 to 34,Major,Steeles
15117,2018-11-05 10:00:00,BIRCHMOUNT RD,ALLANFORD RD,Scarborough,43.774165,-79.295017,Traffic Signal,Rain,Daylight,Wet,Non-Fatal Injury,Pedestrian Collisions,Driver,30 to 34,,Tam O'Shanter-Sullivan
15118,2018-11-05 10:00:00,BIRCHMOUNT RD,ALLANFORD RD,Scarborough,43.774165,-79.295017,Traffic Signal,Rain,Daylight,Wet,Non-Fatal Injury,Pedestrian Collisions,Pedestrian,75 to 79,Major,Tam O'Shanter-Sullivan
15119,2018-11-05 10:00:00,DUFFERIN ST,WINGOLD AVE,North York,43.703753,-79.452434,No Control,Clear,"Dark, artificial",Wet,Non-Fatal Injury,Pedestrian Collisions,Driver,70 to 74,,Yorkdale-Glen Park
15120,2018-11-05 10:00:00,DUFFERIN ST,WINGOLD AVE,North York,43.703753,-79.452434,No Control,Clear,"Dark, artificial",Wet,Non-Fatal Injury,Pedestrian Collisions,Pedestrian,65 to 69,Major,Yorkdale-Glen Park
15121,2018-11-06 10:00:00,STEELES AVE W,ALNESS ST,North York,43.784629,-79.481014,Traffic Signal,Rain,"Dark, artificial",Wet,Non-Fatal Injury,Cyclist Collisions,Driver,20 to 24,,York University Heights
15122,2018-11-06 10:00:00,STEELES AVE W,ALNESS ST,North York,43.784629,-79.481014,Traffic Signal,Rain,"Dark, artificial",Wet,Non-Fatal Injury,Cyclist Collisions,Cyclist,15 to 19,Major,York University Heights
15123,2018-11-07 10:00:00,MIDDLEFIELD RD,ARBOR LOW GT,Scarborough,43.811759,-79.258502,No Control,Clear,"Dark, artificial",Dry,Non-Fatal Injury,Pedestrian Collisions,Driver,80 to 84,,Milliken
15124,2018-11-07 10:00:00,MIDDLEFIELD RD,ARBOR LOW GT,Scarborough,43.811759,-79.258502,No Control,Clear,"Dark, artificial",Dry,Non-Fatal Injury,Pedestrian Collisions,Pedestrian,65 to 69,Major,Milliken
15125,2018-11-08 10:00:00,LA ROSE AVE,ROYAL YORK RD,Etobicoke York,43.684085,-79.52737,Traffic Signal,Clear,"Daylight, artificial",Dry,Non-Fatal Injury,Pedestrian Collisions,Driver,30 to 34,,Humber Heights-Westmount
15126,2018-11-08 10:00:00,LA ROSE AVE,ROYAL YORK RD,Etobicoke York,43.684085,-79.52737,Traffic Signal,Clear,"Daylight, artificial",Dry,Non-Fatal Injury,Pedestrian Collisions,Pedestrian,65 to 69,Major,Humber Heights-Westmount
15127,2018-11-08 10:00:00,LOWTHER AVE,SPADINA RD,Toronto and East York,43.668891,-79.404735,Traffic Signal,Clear,Dark,Dry,Non-Fatal Injury,Cyclist Collisions,Cyclist,20 to 24,Major,Annex
15128,2018-11-08 10:00:00,LOWTHER AVE,SPADINA RD,Toronto and East York,43.668891,-79.404735,Traffic Signal,Clear,Dark,Dry,Non-Fatal Injury,Cyclist Collisions,Driver,25 to 29,,Annex
15129,2018-11-09 10:00:00,ELLESMERE RD,BIRCHMOUNT RD,Scarborough,43.763205,-79.291911,No Control,Clear,"Dawn, artificial",Dry,Fatal,Pedestrian Collisions,Driver,unknown,,Wexford/Maryvale
15130,2018-11-09 10:00:00,ELLESMERE RD,BIRCHMOUNT RD,Scarborough,43.763205,-79.291911,No Control,Clear,"Dawn, artificial",Dry,Fatal,Pedestrian Collisions,Pedestrian,30 to 34,Major,Wexford/Maryvale
15131,2018-11-09 10:00:00,ELLESMERE RD,BIRCHMOUNT RD,Scarborough,43.763205,-79.291911,No Control,Clear,"Dawn, artificial",Dry,Fatal,Pedestrian Collisions,Driver,45 to 49,Minor,Wexford/Maryvale
15132,2018-11-09 10:00:00,ELLESMERE RD,BIRCHMOUNT RD,Scarborough,43.763205,-79.291911,No Control,Clear,"Dawn, artificial",Dry,Fatal,Pedestrian Collisions,Pedestrian,55 to 59,Fatal,Wexford/Maryvale
15133,2018-11-11 10:00:00,235 POPLAR RD,,Scarborough,43.765837,-79.191051,No Control,Clear,"Daylight, artificial",Dry,Non-Fatal Injury,Pedestrian Collisions,Driver,unknown,,West Hill
15134,2018-11-11 10:00:00,235 POPLAR RD,,Scarborough,43.765837,-79.191051,No Control,Clear,"Daylight, artificial",Dry,Non-Fatal Injury,Pedestrian Collisions,Pedestrian,10 to 14,Major,West Hill
15135,2018-11-12 10:00:00,WESTON RD,LAWRENCE AVE W,Etobicoke York,43.700087,-79.516155,Traffic Signal,Clear,Dark,Dry,Non-Fatal Injury,Pedestrian Collisions,Driver,75 to 79,,Weston
15136,2018-11-12 10:00:00,WESTON RD,LAWRENCE AVE W,Etobicoke York,43.700087,-79.516155,Traffic Signal,Clear,Dark,Dry,Non-Fatal Injury,Pedestrian Collisions,Pedestrian,55 to 59,Major,Weston
15137,2018-11-12 10:00:00,ELLESMERE  RD,NEILSON  RD,Scarborough,43.783148,-79.202258,No Control,Clear,"Dark, artificial",Dry,Fatal,Pedestrian Collisions,Driver,75 to 79,,Morningside
15138,2018-11-12 10:00:00,ELLESMERE  RD,NEILSON  RD,Scarborough,43.783148,-79.202258,No Control,Clear,"Dark, artificial",Dry,Fatal,Pedestrian Collisions,Pedestrian,50 to 54,Fatal,Morningside
15139,2018-11-14 10:00:00,KEELE ST,FOUR WINDS DR,North York,43.765643,-79.491611,Traffic Signal,Clear,Daylight,Dry,Non-Fatal Injury,Pedestrian Collisions,Driver,20 to 24,Minimal,York University Heights
15140,2018-11-14 10:00:00,KEELE ST,FOUR WINDS DR,North York,43.765643,-79.491611,Traffic Signal,Clear,Daylight,Dry,Non-Fatal Injury,Pedestrian Collisions,Driver,30 to 34,,York University Heights
15141,2018-11-14 10:00:00,KEELE ST,FOUR WINDS DR,North York,43.765643,-79.491611,Traffic Signal,Clear,Daylight,Dry,Non-Fatal Injury,Pedestrian Collisions,Pedestrian,50 to 54,Major,York University Heights
15142,2018-11-14 10:00:00,KEELE ST,FOUR WINDS DR,North York,43.765643,-79.491611,Traffic Signal,Clear,Daylight,Dry,Non-Fatal Injury,Pedestrian Collisions,Pedestrian,10 to 14,Major,York University Heights
15143,2018-11-14 10:00:00,YORK MILLS RD,SCARSDALE RD,North York,43.753421,-79.357456,Traffic Signal,Clear,Daylight,Dry,Non-Fatal Injury,Pedestrian Collisions,Truck Driver,45 to 49,,Banbury-Don Mills
15144,2018-11-14 10:00:00,YORK MILLS RD,SCARSDALE RD,North York,43.753421,-79.357456,Traffic Signal,Clear,Daylight,Dry,Non-Fatal Injury,Pedestrian Collisions,Pedestrian,45 to 49,Major,Banbury-Don Mills
15145,2018-11-16 10:00:00,BRUCEWOOD CRES,COVINGTON RD,North York,43.720133,-79.433635,Stop Sign,Snow,Daylight,Slush,Non-Fatal Injury,Pedestrian Collisions,Driver,25 to 29,,Englemount-Lawrence
15146,2018-11-16 10:00:00,BRUCEWOOD CRES,COVINGTON RD,North York,43.720133,-79.433635,Stop Sign,Snow,Daylight,Slush,Non-Fatal Injury,Pedestrian Collisions,Pedestrian,25 to 29,Major,Englemount-Lawrence
15147,2018-11-16 10:00:00,STEELES AVE E,BAYVIEW AVE,North York,43.803198,-79.39619,Traffic Signal,Snow,"Dark, artificial",Wet,Non-Fatal Injury,Pedestrian Collisions,Driver,20 to 24,,Bayview Woods-Steeles
15148,2018-11-16 10:00:00,STEELES AVE E,BAYVIEW AVE,North York,43.803198,-79.39619,Traffic Signal,Snow,"Dark, artificial",Wet,Non-Fatal Injury,Pedestrian Collisions,Pedestrian,15 to 19,Major,Bayview Woods-Steeles
15149,2018-11-18 10:00:00,BLOOR ST W,AVENUE RD,Toronto and East York,43.668646,-79.394099,Traffic Signal,Clear,Daylight,Dry,Non-Fatal Injury,Angle,Driver,20 to 24,Minor,Bay-Cloverhill
15150,2018-11-18 10:00:00,BLOOR ST W,AVENUE RD,Toronto and East York,43.668646,-79.394099,Traffic Signal,Clear,Daylight,Dry,Non-Fatal Injury,Angle,Driver,25 to 29,Minimal,Bay-Cloverhill
15151,2018-11-18 10:00:00,BLOOR ST W,AVENUE RD,Toronto and East York,43.668646,-79.394099,Traffic Signal,Clear,Daylight,Dry,Non-Fatal Injury,Angle,Passenger,20 to 24,Major,Bay-Cloverhill
15152,2018-11-18 10:00:00,BLOOR ST W,AVENUE RD,Toronto and East York,43.668646,-79.394099,Traffic Signal,Clear,Daylight,Dry,Non-Fatal Injury,Angle,Passenger,30 to 34,Minor,Bay-Cloverhill
15153,2018-11-19 10:00:00,MCCOWAN RD,ALTON TOWERS CRCL,Scarborough,43.822432,-79.273952,Traffic Signal,Clear,Dark,Dry,Non-Fatal Injury,Pedestrian Collisions,Driver,60 to 64,,Milliken
15154,2018-11-19 10:00:00,MCCOWAN RD,ALTON TOWERS CRCL,Scarborough,43.822432,-79.273952,Traffic Signal,Clear,Dark,Dry,Non-Fatal Injury,Pedestrian Collisions,Passenger,20 to 24,,Milliken
15155,2018-11-19 10:00:00,MCCOWAN RD,ALTON TOWERS CRCL,Scarborough,43.822432,-79.273952,Traffic Signal,Clear,Dark,Dry,Non-Fatal Injury,Pedestrian Collisions,Pedestrian,30 to 34,Major,Milliken
15156,2018-11-19 10:00:00,WALPOLE AVE,GLENSIDE AVE,Toronto and East York,43.674464,-79.327205,Stop Sign,Clear,Daylight,Dry,Non-Fatal Injury,Pedestrian Collisions,Driver,60 to 64,,Greenwood-Coxwell
15157,2018-11-19 10:00:00,WALPOLE AVE,GLENSIDE AVE,Toronto and East York,43.674464,-79.327205,Stop Sign,Clear,Daylight,Dry,Non-Fatal Injury,Pedestrian Collisions,Pedestrian,0 to 4,Major,Greenwood-Coxwell
15158,2018-11-19 10:00:00,828 DUNDAS ST W,,Toronto and East York,43.65148,-79.409694,No Control,Clear,Daylight,Dry,Non-Fatal Injury,SMV Other,Driver,65 to 69,Major,Trinity-Bellwoods
15159,2018-11-19 10:00:00,828 DUNDAS ST W,,Toronto and East York,43.65148,-79.409694,No Control,Clear,Daylight,Dry,Non-Fatal Injury,SMV Other,Other,unknown,,Trinity-Bellwoods
15160,2018-11-19 10:00:00,ST CLAIR AVE W,WINONA DR,Etobicoke York,43.680205,-79.43246,Traffic Controller,Clear,"Dark, artificial",Dry,Non-Fatal Injury,Pedestrian Collisions,Driver,65 to 69,,Wychwood
15161,2018-11-19 10:00:00,ST CLAIR AVE W,WINONA DR,Etobicoke York,43.680205,-79.43246,Traffic Controller,Clear,"Dark, artificial",Dry,Non-Fatal Injury,Pedestrian Collisions,Pedestrian,45 to 49,Major,Wychwood
15162,2018-11-20 10:00:00,MCCOWAN RD,LAWRENCE AVE E,Scarborough,43.75495,-79.245265,No Control,Clear,"Dark, artificial",Dry,Non-Fatal Injury,Pedestrian Collisions,Driver,20 to 24,,Bendale South