,DATE,STREET1,STREET2,DISTRICT,LATITUDE,LONGITUDE,TRAFFCTL,VISIBILITY,LIGHT,RDSFCOND,ACCLASS,IMPACTYPE,INVTYPE,INVAGE,INJURY,NEIGHBOURHOOD_158
15634,2019-06-11 08:00:00,ST CLAIR AVE W,OLD WESTON RD,Etobicoke York,43.673464,-79.463008,Traffic Signal,Clear,"Dark, artificial",Dry,Non-Fatal Injury,Pedestrian Collisions,Driver,20 to 24,,Weston-Pelham Park
15635,2019-06-11 08:00:00,ST CLAIR AVE W,OLD WESTON RD,Etobicoke York,43.673464,-79.463008,Traffic Signal,Clear,"Dark, artificial",Dry,Non-Fatal Injury,Pedestrian Collisions,Pedestrian,75 to 79,Major,Weston-Pelham Park
15636,2019-06-12 08:00:00,BLOOR ST W,JOPLING AVE N,Etobicoke York,43.640822,-79.539516,No Control,Clear,Daylight,Dry,Non-Fatal Injury,Pedestrian Collisions,Driver,55 to 59,,Islington
15637,2019-06-12 08:00:00,BLOOR ST W,JOPLING AVE N,Etobicoke York,43.640822,-79.539516,No Control,Clear,Daylight,Dry,Non-Fatal Injury,Pedestrian Collisions,Pedestrian,20 to 24,Major,Islington
15638,2019-06-12 08:00:00,BLOOR ST W,JOPLING AVE N,Etobicoke York,43.640822,-79.539516,No Control,Clear,Daylight,Dry,Non-Fatal Injury,Pedestrian Collisions,Pedestrian,45 to 49,Minor,Islington
15639,2019-06-13 08:00:00,EGLINTON AVE W,HARTLEY AVE,North York,43.694804,-79.453914,No Control,Clear,Daylight,Dry,Non-Fatal Injury,Pedestrian Collisions,Pedestrian,65 to 69,Major,Caledonia-Fairbank
15640,2019-06-13 08:00:00,EGLINTON AVE W,HARTLEY AVE,North York,43.694804,-79.453914,No Control,Clear,Daylight,Dry,Non-Fatal Injury,Pedestrian Collisions,Driver,25 to 29,,Caledonia-Fairbank
15641,2019-06-13 08:00:00,SHEPPARD AVE E,FAIRVIEW MALL DR,North York,43.776141,-79.341129,Traffic Signal,Clear,Daylight,Wet,Fatal,Turning Movement,Driver,80 to 84,Fatal,Henry Farm
15642,2019-06-13 08:00:00,SHEPPARD AVE E,FAIRVIEW MALL DR,North York,43.776141,-79.341129,Traffic Signal,Clear,Daylight,Wet,Fatal,Turning Movement,Driver,25 to 29,Minimal,Henry Farm
15643,2019-06-13 08:00:00,SHEPPARD AVE E,FAIRVIEW MALL DR,North York,43.776141,-79.341129,Traffic Signal,Clear,Daylight,Wet,Fatal,Turning Movement,Passenger,25 to 29,Minimal,Henry Farm
15644,2019-06-15 08:00:00,QUEEN ST W,DUFFERIN ST,Toronto and East York,43.642134,-79.4286,Traffic Signal,Clear,"Dark, artificial",Dry,Non-Fatal Injury,Cyclist Collisions,Driver,20 to 24,,South Parkdale
15645,2019-06-15 08:00:00,QUEEN ST W,DUFFERIN ST,Toronto and East York,43.642134,-79.4286,Traffic Signal,Clear,"Dark, artificial",Dry,Non-Fatal Injury,Cyclist Collisions,Cyclist,45 to 49,Major,South Parkdale
15646,2019-06-16 08:00:00,EVANS AVE,HORNER AVE,Etobicoke York,43.616923,-79.518802,Traffic Signal,Clear,Daylight,Dry,Non-Fatal Injury,Cyclist Collisions,Cyclist,50 to 54,Major,Mimico-Queensway
15647,2019-06-16 08:00:00,EVANS AVE,HORNER AVE,Etobicoke York,43.616923,-79.518802,Traffic Signal,Clear,Daylight,Dry,Non-Fatal Injury,Cyclist Collisions,Driver,70 to 74,,Mimico-Queensway
15648,2019-06-18 08:00:00,THE QUEENSWAY,NORTH QUEEN ST,Etobicoke York,43.614146,-79.55611,Traffic Signal,Clear,Daylight,Dry,Fatal,Turning Movement,Driver,15 to 19,,Etobicoke City Centre
15649,2019-06-18 08:00:00,THE QUEENSWAY,NORTH QUEEN ST,Etobicoke York,43.614146,-79.55611,Traffic Signal,Clear,Daylight,Dry,Fatal,Turning Movement,Motorcycle Driver,75 to 79,Fatal,Etobicoke City Centre
15650,2019-06-18 08:00:00,THE QUEENSWAY,NORTH QUEEN ST,Etobicoke York,43.614146,-79.55611,Traffic Signal,Clear,Daylight,Dry,Fatal,Turning Movement,Passenger,15 to 19,,Etobicoke City Centre
15651,2019-06-18 08:00:00,LEARMONT DR,SANDWELL DR,Etobicoke York,43.688468,-79.565227,Stop Sign,Clear,Daylight,Dry,Non-Fatal Injury,SMV Other,Driver,70 to 74,Major,Willowridge-Martingrove-Richview
15652,2019-06-19 08:00:00,BIRCHMOUNT RD,FOXRIDGE DR,Scarborough,43.721755,-79.274471,Traffic Signal,Clear,Daylight,Dry,Non-Fatal Injury,Cyclist Collisions,Cyclist,20 to 24,Major,Kennedy Park
15653,2019-06-19 08:00:00,BIRCHMOUNT RD,FOXRIDGE DR,Scarborough,43.721755,-79.274471,Traffic Signal,Clear,Daylight,Dry,Non-Fatal Injury,Cyclist Collisions,Driver,25 to 29,,Kennedy Park
15654,2019-06-19 08:00:00,BIRCHMOUNT RD,FOXRIDGE DR,Scarborough,43.721755,-79.274471,Traffic Signal,Clear,Daylight,Dry,Non-Fatal Injury,Cyclist Collisions,Passenger,20 to 24,Minimal,Kennedy Park
15655,2019-06-20 08:00:00,REGENT PARK BLVD,,Toronto and East York,43.660288,-79.361743,Traffic Signal,Clear,Daylight,Dry,Fatal,Pedestrian Collisions,Pedestrian,35 to 39,Fatal,Regent Park
15656,2019-06-20 08:00:00,REGENT PARK BLVD,,Toronto and East York,43.660288,-79.361743,Traffic Signal,Clear,Daylight,Dry,Fatal,Pedestrian Collisions,Driver,40 to 44,,Regent Park
15657,2019-06-20 08:00:00,DANFORTH AVE,BYRON AVE,Toronto and East York,43.680533,-79.336284,No Control,Clear,Daylight,Dry,Non-Fatal Injury,Turning Movement,Driver,70 to 74,,Blake-Jones
15658,2019-06-20 08:00:00,DANFORTH AVE,BYRON AVE,Toronto and East York,43.680533,-79.336284,No Control,Clear,Daylight,Dry,Non-Fatal Injury,Turning Movement,Motorcycle Driver,45 to 49,Major,Blake-Jones
15659,2019-06-20 08:00:00,DANFORTH AVE,BYRON AVE,Toronto and East York,43.680533,-79.336284,No Control,Clear,Daylight,Dry,Non-Fatal Injury,Turning Movement,Passenger,65 to 69,,Blake-Jones
15660,2019-06-20 08:00:00,ST CLAIR AVE E,BIRCHMOUNT RD,Scarborough,43.714087,-79.271083,Traffic Signal,Rain,"Dark, artificial",Wet,Non-Fatal Injury,Pedestrian Collisions,Driver,unknown,,Clairlea-Birchmount
15661,2019-06-20 08:00:00,ST CLAIR AVE E,BIRCHMOUNT RD,Scarborough,43.714087,-79.271083,Traffic Signal,Rain,"Dark, artificial",Wet,Non-Fatal Injury,Pedestrian Collisions,Pedestrian,20 to 24,Major,Clairlea-Birchmount
15662,2019-06-21 08:00:00,ISLINGTON AVE,MEADOWVALE DR,Etobicoke York,43.642836,-79.522624,No Control,Clear,Daylight,Dry,Non-Fatal Injury,Turning Movement,Driver,65 to 69,,Stonegate-Queensway
15663,2019-06-21 08:00:00,ISLINGTON AVE,MEADOWVALE DR,Etobicoke York,43.642836,-79.522624,No Control,Clear,Daylight,Dry,Non-Fatal Injury,Turning Movement,Motorcycle Driver,30 to 34,Major,Stonegate-Queensway
15664,2019-06-22 08:00:00,LAWRENCE AVE E,SCARBOROUGH GOLF CLUB RD,Scarborough,43.761779,-79.215801,Traffic Signal,Clear,Daylight,Dry,Fatal,Angle,Passenger,10 to 14,Minor,Golfdale-Cedarbrae-Woburn
15665,2019-06-22 08:00:00,LAWRENCE AVE E,SCARBOROUGH GOLF CLUB RD,Scarborough,43.761779,-79.215801,Traffic Signal,Clear,Daylight,Dry,Fatal,Angle,Passenger,70 to 74,Minor,Golfdale-Cedarbrae-Woburn
15666,2019-06-22 08:00:00,LAWRENCE AVE E,SCARBOROUGH GOLF CLUB RD,Scarborough,43.761779,-79.215801,Traffic Signal,Clear,Daylight,Dry,Fatal,Angle,Driver,75 to 79,Fatal,Golfdale-Cedarbrae-Woburn
15667,2019-06-22 08:00:00,LAWRENCE AVE E,SCARBOROUGH GOLF CLUB RD,Scarborough,43.761779,-79.215801,Traffic Signal,Clear,Daylight,Dry,Fatal,Angle,Passenger,20 to 24,Minor,Golfdale-Cedarbrae-Woburn
15668,2019-06-22 08:00:00,LAWRENCE AVE E,SCARBOROUGH GOLF CLUB RD,Scarborough,43.761779,-79.215801,Traffic Signal,Clear,Daylight,Dry,Fatal,Angle,Driver,20 to 24,,Golfdale-Cedarbrae-Woburn
15669,2019-06-25 08:00:00,PHARMACY AVE,PRINCEWAY DR,Scarborough,43.753077,-79.308605,Stop Sign,Clear,Daylight,Dry,Non-Fatal Injury,Turning Movement,Driver,30 to 34,,Wexford/Maryvale
15670,2019-06-25 08:00:00,PHARMACY AVE,PRINCEWAY DR,Scarborough,43.753077,-79.308605,Stop Sign,Clear,Daylight,Dry,Non-Fatal Injury,Turning Movement,Motorcycle Driver,30 to 34,Major,Wexford/Maryvale
15671,2019-06-25 08:00:00,NORTHLAND AVE,WESTON RD,Etobicoke York,43.678828,-79.474033,Traffic Signal,Clear,Daylight,Dry,Non-Fatal Injury,Cyclist Collisions,Driver,50 to 54,Minimal,Junction Area
15672,2019-06-25 08:00:00,NORTHLAND AVE,WESTON RD,Etobicoke York,43.678828,-79.474033,Traffic Signal,Clear,Daylight,Dry,Non-Fatal Injury,Cyclist Collisions,Cyclist,10 to 14,Major,Junction Area
15673,2019-06-25 08:00:00,MIDLAND AVE,MIDWEST RD,Scarborough,43.75466,-79.266162,No Control,Clear,Daylight,Dry,Non-Fatal Injury,Pedestrian Collisions,Driver,20 to 24,,Bendale-Glen Andrew
15674,2019-06-25 08:00:00,MIDLAND AVE,MIDWEST RD,Scarborough,43.75466,-79.266162,No Control,Clear,Daylight,Dry,Non-Fatal Injury,Pedestrian Collisions,Driver,40 to 44,,Bendale-Glen Andrew
15675,2019-06-25 08:00:00,MIDLAND AVE,MIDWEST RD,Scarborough,43.75466,-79.266162,No Control,Clear,Daylight,Dry,Non-Fatal Injury,Pedestrian Collisions,Driver,40 to 44,,Bendale-Glen Andrew
15676,2019-06-25 08:00:00,MIDLAND AVE,MIDWEST RD,Scarborough,43.75466,-79.266162,No Control,Clear,Daylight,Dry,Non-Fatal Injury,Pedestrian Collisions,Pedestrian,35 to 39,Major,Bendale-Glen Andrew
15677,2019-06-25 08:00:00,MIDLAND AVE,MIDWEST RD,Scarborough,43.75466,-79.266162,No Control,Clear,Daylight,Dry,Non-Fatal Injury,Pedestrian Collisions,Driver,55 to 59,,Bendale-Glen Andrew
15678,2019-06-25 08:00:00,MIDLAND AVE,MIDWEST RD,Scarborough,43.75466,-79.266162,No Control,Clear,Daylight,Dry,Non-Fatal Injury,Pedestrian Collisions,Passenger,20 to 24,,Bendale-Glen Andrew
15679,2019-06-25 08:00:00,MIDLAND AVE,MIDWEST RD,Scarborough,43.75466,-79.266162,No Control,Clear,Daylight,Dry,Non-Fatal Injury,Pedestrian Collisions,Passenger,20 to 24,,Bendale-Glen Andrew
15680,2019-06-25 08:00:00,MIDLAND AVE,MIDWEST RD,Scarborough,43.75466,-79.266162,No Control,Clear,Daylight,Dry,Non-Fatal Injury,Pedestrian Collisions,Passenger,20 to 24,,Bendale-Glen Andrew
15681,2019-06-25 08:00:00,715 FINCH AVE W,,North York,43.76932,-79.464435,No Control,Clear,"Dark, artificial",Dry,Non-Fatal Injury,Turning Movement,Driver,65 to 69,Minimal,Bathurst Manor
15682,2019-06-25 08:00:00,715 FINCH AVE W,,North York,43.76932,-79.464435,No Control,Clear,"Dark, artificial",Dry,Non-Fatal Injury,Turning Movement,Motorcycle Driver,55 to 59,Major,Bathurst Manor
15683,2019-06-26 08:00:00,VICTORIA ST,QUEEN ST E,Toronto and East York,43.65261,-79.378055,Traffic Signal,Clear,Daylight,Dry,Fatal,Pedestrian Collisions,Driver,40 to 44,,Downtown Yonge East
15684,2019-06-26 08:00:00,VICTORIA ST,QUEEN ST E,Toronto and East York,43.65261,-79.378055,Traffic Signal,Clear,Daylight,Dry,Fatal,Pedestrian Collisions,Pedestrian,55 to 59,Fatal,Downtown Yonge East
15685,2019-06-27 08:00:00,LAKE SHORE BLVD W,TENTH ST,Etobicoke York,43.599944,-79.508594,Traffic Signal,Clear,Daylight,Dry,Non-Fatal Injury,Pedestrian Collisions,Driver,40 to 44,,New Toronto
15686,2019-06-27 08:00:00,LAKE SHORE BLVD W,TENTH ST,Etobicoke York,43.599944,-79.508594,Traffic Signal,Clear,Daylight,Dry,Non-Fatal Injury,Pedestrian Collisions,Pedestrian,80 to 84,Major,New Toronto
15687,2019-06-28 08:00:00,ADELAIDE ST E,BERKELEY ST,Toronto and East York,43.652915,-79.364742,Traffic Signal,Clear,Daylight,Dry,Non-Fatal Injury,Cyclist Collisions,Cyclist,60 to 64,Major,Moss Park
15688,2019-06-28 08:00:00,ADELAIDE ST E,BERKELEY ST,Toronto and East York,43.652915,-79.364742,Traffic Signal,Clear,Daylight,Dry,Non-Fatal Injury,Cyclist Collisions,Driver,25 to 29,,Moss Park
15689,2019-06-28 08:00:00,ADELAIDE ST E,BERKELEY ST,Toronto and East York,43.652915,-79.364742,Traffic Signal,Clear,Daylight,Dry,Non-Fatal Injury,Cyclist Collisions,Passenger,25 to 29,,Moss Park
15690,2019-06-28 08:00:00,ADELAIDE ST E,BERKELEY ST,Toronto and East York,43.652915,-79.364742,Traffic Signal,Clear,Daylight,Dry,Non-Fatal Injury,Cyclist Collisions,Passenger,25 to 29,,Moss Park
15691,2019-07-01 08:00:00,ST CLAIR AVE W,OAKWOOD AVE,North York,43.679583,-79.43568,Traffic Signal,Clear,Daylight,Dry,Non-Fatal Injury,Pedestrian Collisions,Driver,55 to 59,,Wychwood
15692,2019-07-01 08:00:00,ST CLAIR AVE W,OAKWOOD AVE,North York,43.679583,-79.43568,Traffic Signal,Clear,Daylight,Dry,Non-Fatal Injury,Pedestrian Collisions,Pedestrian,60 to 64,Major,Wychwood
15693,2019-07-02 08:00:00,BRIMLEY RD,KINGSTON RD,Scarborough,43.718154,-79.240329,Traffic Signal,Clear,Daylight,Dry,Non-Fatal Injury,Angle,Driver,55 to 59,,Cliffcrest
15694,2019-07-02 08:00:00,BRIMLEY RD,KINGSTON RD,Scarborough,43.718154,-79.240329,Traffic Signal,Clear,Daylight,Dry,Non-Fatal Injury,Angle,Driver,50 to 54,Minor,Cliffcrest
15695,2019-07-02 08:00:00,BRIMLEY RD,KINGSTON RD,Scarborough,43.718154,-79.240329,Traffic Signal,Clear,Daylight,Dry,Non-Fatal Injury,Angle,Driver,30 to 34,,Cliffcrest
15696,2019-07-02 08:00:00,BRIMLEY RD,KINGSTON RD,Scarborough,43.718154,-79.240329,Traffic Signal,Clear,Daylight,Dry,Non-Fatal Injury,Angle,Passenger,60 to 64,Major,Cliffcrest
15697,2019-07-02 08:00:00,BRIMLEY RD,KINGSTON RD,Scarborough,43.718154,-79.240329,Traffic Signal,Clear,Daylight,Dry,Non-Fatal Injury,Angle,Passenger,25 to 29,,Cliffcrest
15698,2019-07-03 08:00:00,MORTIMER AVE,WOODBINE AVE,Toronto and East York,43.692423,-79.3157,Stop Sign,Clear,Daylight,Dry,Non-Fatal Injury,SMV Other,Driver,40 to 44,Major,Woodbine-Lumsden
15699,2019-07-03 08:00:00,DAVENPORT RD,HECTOR AVE,Toronto and East York,43.67525,-79.424037,No Control,Clear,"Daylight, artificial",Dry,Non-Fatal Injury,Cyclist Collisions,Driver,40 to 44,,Wychwood
15700,2019-07-03 08:00:00,DAVENPORT RD,HECTOR AVE,Toronto and East York,43.67525,-79.424037,No Control,Clear,"Daylight, artificial",Dry,Non-Fatal Injury,Cyclist Collisions,Cyclist,45 to 49,Major,Wychwood
15701,2019-07-03 08:00:00,LAWRENCE AVE W,KEELE ST,Etobicoke York,43.708586,-79.478023,No Control,Clear,Daylight,Dry,Non-Fatal Injury,Pedestrian Collisions,Driver,45 to 49,Minimal,Brookhaven-Amesbury
15702,2019-07-03 08:00:00,LAWRENCE AVE W,KEELE ST,Etobicoke York,43.708586,-79.478023,No Control,Clear,Daylight,Dry,Non-Fatal Injury,Pedestrian Collisions,Pedestrian,50 to 54,Major,Brookhaven-Amesbury
15703,2019-07-04 08:00:00,PHARMACY AVE,LAWRENCE AVE E,Scarborough,43.74317,-79.304607,Traffic Signal,Clear,Daylight,Dry,Non-Fatal Injury,Turning Movement,Driver,60 to 64,,Wexford/Maryvale
15704,2019-07-04 08:00:00,PHARMACY AVE,LAWRENCE AVE E,Scarborough,43.74317,-79.304607,Traffic Signal,Clear,Daylight,Dry,Non-Fatal Injury,Turning Movement,Motorcycle Driver,55 to 59,Major,Wexford/Maryvale
15705,2019-07-04 08:00:00,YONGE ST,ABITIBI AVE,North York,43.796252,-79.419589,No Control,Clear,Daylight,Dry,Non-Fatal Injury,Turning Movement,Driver,30 to 34,Major,Newtonbrook East
15706,2019-07-04 08:00:00,YONGE ST,ABITIBI AVE,North York,43.796252,-79.419589,No Control,Clear,Daylight,Dry,Non-Fatal Injury,Turning Movement,Driver,70 to 74,Minor,Newtonbrook East
15707,2019-07-04 08:00:00,YONGE ST,ABITIBI AVE,North York,43.796252,-79.419589,No Control,Clear,Daylight,Dry,Non-Fatal Injury,Turning Movement,Passenger,30 to 34,Minimal,Newtonbrook East
15708,2019-07-07 08:00:00,ROCKWELL AVE,OLD WESTON RD,Etobicoke York,43.676566,-79.463863,Stop Sign,Clear,Daylight,Dry,Non-Fatal Injury,SMV Other,Driver,25 to 29,Major,Weston-Pelham Park
15709,2019-07-07 08:00:00,SHEPPARD AVE E,NEILSON RD,Scarborough,43.798049,-79.217632,Traffic Signal,Clear,Daylight,Dry,Non-Fatal Injury,Pedestrian Collisions,Driver,20 to 24,,Malvern East
15710,2019-07-07 08:00:00,SHEPPARD AVE E,NEILSON RD,Scarborough,43.798049,-79.217632,Traffic Signal,Clear,Daylight,Dry,Non-Fatal Injury,Pedestrian Collisions,Pedestrian,25 to 29,Major,Malvern East
15711,2019-07-08 08:00:00,PARKSIDE DR,CONSTANCE ST,Etobicoke York,43.648211,-79.457622,No Control,Clear,"Dark, artificial",Dry,Non-Fatal Injury,Pedestrian Collisions,Driver,45 to 49,,High Park-Swansea
15712,2019-07-08 08:00:00,PARKSIDE DR,CONSTANCE ST,Etobicoke York,43.648211,-79.457622,No Control,Clear,"Dark, artificial",Dry,Non-Fatal Injury,Pedestrian Collisions,Passenger,30 to 34,,High Park-Swansea
15713,2019-07-08 08:00:00,PARKSIDE DR,CONSTANCE ST,Etobicoke York,43.648211,-79.457622,No Control,Clear,"Dark, artificial",Dry,Non-Fatal Injury,Pedestrian Collisions,Pedestrian,40 to 44,Major,High Park-Swansea
15714,2019-07-08 08:00:00,BLACK CREEK DR,LAWRENCE AVE W,Etobicoke York,43.704878,-79.494052,Traffic Signal,Clear,Daylight,Dry,Non-Fatal Injury,Turning Movement,Truck Driver,40 to 44,,Brookhaven-Amesbury
15715,2019-07-08 08:00:00,BLACK CREEK DR,LAWRENCE AVE W,Etobicoke York,43.704878,-79.494052,Traffic Signal,Clear,Daylight,Dry,Non-Fatal Injury,Turning Movement,Motorcycle Driver,50 to 54,Major,Brookhaven-Amesbury
15716,2019-07-08 08:00:00,BLACK CREEK DR,LAWRENCE AVE W,Etobicoke York,43.704878,-79.494052,Traffic Signal,Clear,Daylight,Dry,Non-Fatal Injury,Turning Movement,Motorcycle Passenger,20 to 24,Major,Brookhaven-Amesbury
15717,2019-07-10 08:00:00,1 YORK GATE BLVD,,North York,43.758837,-79.52151,No Control,Clear,Daylight,Dry,Fatal,Pedestrian Collisions,Pedestrian,60 to 64,Major,Black Creek
15718,2019-07-10 08:00:00,1 YORK GATE BLVD,,North York,43.758837,-79.52151,No Control,Clear,Daylight,Dry,Fatal,Pedestrian Collisions,Driver,25 to 29,,Black Creek
15719,2019-07-10 08:00:00,1 YORK GATE BLVD,,North York,43.758837,-79.52151,No Control,Clear,Daylight,Dry,Fatal,Pedestrian Collisions,Pedestrian,60 to 64,Fatal,Black Creek
15720,2019-07-12 08:00:00,DUFFERIN ST,GERRY FITZGERALD DR,North York,43.78377,-79.470104,Traffic Signal,Clear,Daylight,Dry,Non-Fatal Injury,Pedestrian Collisions,Driver,80 to 84,,Bathurst Manor
15721,2019-07-12 08:00:00,DUFFERIN ST,GERRY FITZGERALD DR,North York,43.78377,-79.470104,Traffic Signal,Clear,Daylight,Dry,Non-Fatal Injury,Pedestrian Collisions,Pedestrian,20 to 24,Major,Bathurst Manor
15722,2019-07-12 08:00:00,114 TORYORK DR,,Etobicoke York,43.756449,-79.551196,No Control,Clear,Daylight,Dry,Non-Fatal Injury,Turning Movement,Driver,15 to 19,,Humber Summit
15723,2019-07-12 08:00:00,114 TORYORK DR,,Etobicoke York,43.756449,-79.551196,No Control,Clear,Daylight,Dry,Non-Fatal Injury,Turning Movement,Motorcycle Driver,35 to 39,Major,Humber Summit
15724,2019-07-14 08:00:00,LAWRENCE AVE E,TOWNLEY AVE,Scarborough,43.742572,-79.307369,No Control,Clear,Daylight,Dry,Non-Fatal Injury,Sideswipe,Motorcycle Driver,25 to 29,Major,Wexford/Maryvale
15725,2019-07-14 08:00:00,LAWRENCE AVE E,TOWNLEY AVE,Scarborough,43.742572,-79.307369,No Control,Clear,Daylight,Dry,Non-Fatal Injury,Sideswipe,Driver,40 to 44,,Wexford/Maryvale
15726,2019-07-14 08:00:00,LAWRENCE AVE E,TOWNLEY AVE,Scarborough,43.742572,-79.307369,No Control,Clear,Daylight,Dry,Non-Fatal Injury,Sideswipe,Passenger,35 to 39,,Wexford/Maryvale
15727,2019-07-14 08:00:00,LAWRENCE AVE E,TOWNLEY AVE,Scarborough,43.742572,-79.307369,No Control,Clear,Daylight,Dry,Non-Fatal Injury,Sideswipe,Passenger,70 to 74,,Wexford/Maryvale
15728,2019-07-14 08:00:00,LAWRENCE AVE E,TOWNLEY AVE,Scarborough,43.742572,-79.307369,No Control,Clear,Daylight,Dry,Non-Fatal Injury,Sideswipe,Passenger,0 to 4,,Wexford/Maryvale
15729,2019-07-14 08:00:00,LAWRENCE AVE E,TOWNLEY AVE,Scarborough,43.742572,-79.307369,No Control,Clear,Daylight,Dry,Non-Fatal Injury,Sideswipe,Passenger,0 to 4,,Wexford/Maryvale
15730,2019-07-16 08:00:00,BARKWOOD CRES,CLIFFWOOD RD,North York,43.804576,-79.35551,No Control,Clear,Daylight,Dry,Fatal,Pedestrian Collisions,Pedestrian,65 to 69,Fatal,Hillcrest Village
15731,2019-07-16 08:00:00,BARKWOOD CRES,CLIFFWOOD RD,North York,43.804576,-79.35551,No Control,Clear,Daylight,Dry,Fatal,Pedestrian Collisions,Driver,45 to 49,,Hillcrest Village
15732,2019-07-18 08:00:00,DUNDAS ST W,DONNYBROOK LANE,Etobicoke York,43.653163,-79.524646,No Control,Clear,"Dark, artificial",Dry,Fatal,Turning Movement,Driver,55 to 59,,Kingsway South
15733,2019-07-18 08:00:00,DUNDAS ST W,DONNYBROOK LANE,Etobicoke York,43.653163,-79.524646,No Control,Clear,"Dark, artificial",Dry,Fatal,Turning Movement,Motorcycle Driver,25 to 29,Fatal,Kingsway South
15734,2019-07-19 08:00:00,FINCH AVE W,JANE ST,Etobicoke York,43.757003,-79.519115,No Control,Clear,Daylight,Dry,Non-Fatal Injury,Turning Movement,Driver,35 to 39,,Glenfield-Jane Heights
15735,2019-07-19 08:00:00,FINCH AVE W,JANE ST,Etobicoke York,43.757003,-79.519115,No Control,Clear,Daylight,Dry,Non-Fatal Injury,Turning Movement,Driver,70 to 74,,Glenfield-Jane Heights
15736,2019-07-19 08:00:00,FINCH AVE W,JANE ST,Etobicoke York,43.757003,-79.519115,No Control,Clear,Daylight,Dry,Non-Fatal Injury,Turning Movement,Passenger,15 to 19,,Glenfield-Jane Heights
15737,2019-07-19 08:00:00,FINCH AVE W,JANE ST,Etobicoke York,43.757003,-79.519115,No Control,Clear,Daylight,Dry,Non-Fatal Injury,Turning Movement,Passenger,60 to 64,Major,Glenfield-Jane Heights
15738,2019-07-19 08:00:00,FINCH AVE W,JANE ST,Etobicoke York,43.757003,-79.519115,No Control,Clear,Daylight,Dry,Non-Fatal Injury,Turning Movement,Passenger,50 to 54,,Glenfield-Jane Heights
15739,2019-07-19 08:00:00,FINCH AVE W,JANE ST,Etobicoke York,43.757003,-79.519115,No Control,Clear,Daylight,Dry,Non-Fatal Injury,Turning Movement,Passenger,25 to 29,,Glenfield-Jane Heights
15740,2019-07-20 08:00:00,AVENUE RD,BERNARD AVE,Toronto and East York,43.67393,-79.396266,No Control,Clear,"Dark, artificial",Dry,Non-Fatal Injury,Pedestrian Collisions,Driver,35 to 39,,Annex
15741,2019-07-20 08:00:00,AVENUE RD,BERNARD AVE,Toronto and East York,43.67393,-79.396266,No Control,Clear,"Dark, artificial",Dry,Non-Fatal Injury,Pedestrian Collisions,Pedestrian,50 to 54,Major,Annex
15742,2019-07-20 08:00:00,BLOOR ST W,BALMUTO ST,Toronto and East York,43.669802,-79.388393,No Control,Clear,"Dark, artificial",Dry,Non-Fatal Injury,Cyclist Collisions,Driver,35 to 39,,Bay-Cloverhill
15743,2019-07-20 08:00:00,BLOOR ST W,BALMUTO ST,Toronto and East York,43.669802,-79.388393,No Control,Clear,"Dark, artificial",Dry,Non-Fatal Injury,Cyclist Collisions,Cyclist,40 to 44,Major,Bay-Cloverhill
15744,2019-07-20 08:00:00,PHARMACY AVE,EGLINTON AVE E,Scarborough,43.725577,-79.297481,Traffic Signal,Rain,"Dark, artificial",Wet,Non-Fatal Injury,Pedestrian Collisions,Driver,55 to 59,,Clairlea-Birchmount
15745,2019-07-20 08:00:00,PHARMACY AVE,EGLINTON AVE E,Scarborough,43.725577,-79.297481,Traffic Signal,Rain,"Dark, artificial",Wet,Non-Fatal Injury,Pedestrian Collisions,Passenger,40 to 44,,Clairlea-Birchmount
15746,2019-07-20 08:00:00,PHARMACY AVE,EGLINTON AVE E,Scarborough,43.725577,-79.297481,Traffic Signal,Rain,"Dark, artificial",Wet,Non-Fatal Injury,Pedestrian Collisions,Passenger,10 to 14,,Clairlea-Birchmount
15747,2019-07-20 08:00:00,PHARMACY AVE,EGLINTON AVE E,Scarborough,43.725577,-79.297481,Traffic Signal,Rain,"Dark, artificial",Wet,Non-Fatal Injury,Pedestrian Collisions,Passenger,10 to 14,,Clairlea-Birchmount
15748,2019-07-20 08:00:00,PHARMACY AVE,EGLINTON AVE E,Scarborough,43.725577,-79.297481,Traffic Signal,Rain,"Dark, artificial",Wet,Non-Fatal Injury,Pedestrian Collisions,Pedestrian,40 to 44,Major,Clairlea-Birchmount
15749,2019-07-22 08:00:00,OSSINGTON AVE,BLOOR ST W,Toronto and East York,43.661914,-79.425617,Traffic Signal,Clear,"Dark, artificial",Dry,Non-Fatal Injury,Turning Movement,Motorcycle Driver,20 to 24,Major,Palmerston-Little Italy
15750,2019-07-22 08:00:00,OSSINGTON AVE,BLOOR ST W,Toronto and East York,43.661914,-79.425617,Traffic Signal,Clear,"Dark, artificial",Dry,Non-Fatal Injury,Turning Movement,Driver,30 to 34,,Palmerston-Little Italy
15751,2019-07-24 08:00:00,VICTORIA PARK AVE,IVORDALE CRES,Scarborough,43.755698,-79.314487,Stop Sign,Clear,Daylight,Dry,Non-Fatal Injury,Turning Movement,Driver,45 to 49,,Wexford/Maryvale
15752,2019-07-24 08:00:00,VICTORIA PARK AVE,IVORDALE CRES,Scarborough,43.755698,-79.314487,Stop Sign,Clear,Daylight,Dry,Non-Fatal Injury,Turning Movement,Driver,30 to 34,Major,Wexford/Maryvale
15753,2019-07-25 08:00:00,STEELES AVE E,LESLIE ST,North York,43.809794,-79.366481,No Control,Clear,Daylight,Dry,Non-Fatal Injury,Rear End,Motorcycle Driver,45 to 49,Major,Hillcrest Village