,DATE,STREET1,STREET2,DISTRICT,LATITUDE,LONGITUDE,TRAFFCTL,VISIBILITY,LIGHT,RDSFCOND,ACCLASS,IMPACTYPE,INVTYPE,INVAGE,INJURY,NEIGHBOURHOOD_158
15871,2019-08-22 08:00:00,BAY ST,COLLEGE ST,Toronto and East York,43.660742,-79.385814,Traffic Signal,Clear,Daylight,Dry,Non-Fatal Injury,Pedestrian Collisions,Pedestrian,40 to 44,Minor,Yonge-Bay Corridor
15872,2019-08-22 08:00:00,BAY ST,COLLEGE ST,Toronto and East York,43.660742,-79.385814,Traffic Signal,Clear,Daylight,Dry,Non-Fatal Injury,Pedestrian Collisions,Pedestrian,65 to 69,Major,Yonge-Bay Corridor
15873,2019-08-22 08:00:00,BAY ST,COLLEGE ST,Toronto and East York,43.660742,-79.385814,Traffic Signal,Clear,Daylight,Dry,Non-Fatal Injury,Pedestrian Collisions,Pedestrian,50 to 54,Major,Yonge-Bay Corridor
15874,2019-08-22 08:00:00,LAKE SHORE BLVD E,COXWELL AVE,Toronto and East York,43.6622,-79.31483,Traffic Controller,Clear,Dusk,Dry,Non-Fatal Injury,Rear End,Driver,50 to 54,Major,South Riverdale
15875,2019-08-22 08:00:00,LAKE SHORE BLVD E,COXWELL AVE,Toronto and East York,43.6622,-79.31483,Traffic Controller,Clear,Dusk,Dry,Non-Fatal Injury,Rear End,Motorcycle Driver,50 to 54,Major,South Riverdale
15876,2019-08-23 08:00:00,DAVENPORT RD,BATHURST ST,Toronto and East York,43.676657,-79.415744,Traffic Signal,Clear,Daylight,Dry,Non-Fatal Injury,Rear End,Truck Driver,35 to 39,,Casa Loma
15877,2019-08-23 08:00:00,DAVENPORT RD,BATHURST ST,Toronto and East York,43.676657,-79.415744,Traffic Signal,Clear,Daylight,Dry,Non-Fatal Injury,Rear End,Driver,25 to 29,Minimal,Casa Loma
15878,2019-08-23 08:00:00,DAVENPORT RD,BATHURST ST,Toronto and East York,43.676657,-79.415744,Traffic Signal,Clear,Daylight,Dry,Non-Fatal Injury,Rear End,Passenger,25 to 29,,Casa Loma
15879,2019-08-23 08:00:00,DAVENPORT RD,BATHURST ST,Toronto and East York,43.676657,-79.415744,Traffic Signal,Clear,Daylight,Dry,Non-Fatal Injury,Rear End,Passenger,40 to 44,Major,Casa Loma
15880,2019-08-23 08:00:00,DAVENPORT RD,BATHURST ST,Toronto and East York,43.676657,-79.415744,Traffic Signal,Clear,Daylight,Dry,Non-Fatal Injury,Rear End,Passenger,60 to 64,Minimal,Casa Loma
15881,2019-08-25 08:00:00,PASSMORE AVE,DYNAMIC DR,Scarborough,43.829867,-79.253429,No Control,Clear,Dark,Dry,Non-Fatal Injury,Pedestrian Collisions,Driver,15 to 19,,Milliken
15882,2019-08-25 08:00:00,PASSMORE AVE,DYNAMIC DR,Scarborough,43.829867,-79.253429,No Control,Clear,Dark,Dry,Non-Fatal Injury,Pedestrian Collisions,Pedestrian,35 to 39,Major,Milliken
15883,2019-08-25 08:00:00,RENFORTH DR,BRIDGETOWN DR,Etobicoke York,43.636084,-79.567912,No Control,Clear,Daylight,Dry,Non-Fatal Injury,Pedestrian Collisions,Driver,unknown,,Markland Wood
15884,2019-08-25 08:00:00,RENFORTH DR,BRIDGETOWN DR,Etobicoke York,43.636084,-79.567912,No Control,Clear,Daylight,Dry,Non-Fatal Injury,Pedestrian Collisions,Pedestrian,35 to 39,Major,Markland Wood
15885,2019-08-25 08:00:00,KINGSTON RD,MORNINGSIDE AVE,Scarborough,43.771086,-79.186321,No Control,Clear,Dark,Dry,Fatal,Pedestrian Collisions,Driver,60 to 64,,West Hill
15886,2019-08-25 08:00:00,KINGSTON RD,MORNINGSIDE AVE,Scarborough,43.771086,-79.186321,No Control,Clear,Dark,Dry,Fatal,Pedestrian Collisions,Pedestrian,70 to 74,Fatal,West Hill
15887,2019-08-26 08:00:00,TWYN RIVERS DR,SHEPPARD AVE E,Scarborough,43.813456,-79.156703,No Control,Clear,Dark,Dry,Non-Fatal Injury,SMV Other,Motorcycle Driver,45 to 49,Major,Morningside Heights
15888,2019-08-30 08:00:00,SHEPPARD AVE E,ABBOTSFIELD GT,Scarborough,43.777281,-79.313861,No Control,Clear,Dark,Dry,Fatal,Pedestrian Collisions,Pedestrian,30 to 34,Fatal,Tam O'Shanter-Sullivan
15889,2019-08-30 08:00:00,SHEPPARD AVE E,ABBOTSFIELD GT,Scarborough,43.777281,-79.313861,No Control,Clear,Dark,Dry,Fatal,Pedestrian Collisions,Driver,unknown,,Tam O'Shanter-Sullivan
15890,2019-08-31 08:00:00,MOUNT PLEASANT RD,ELM AVE,North York,43.674468,-79.380153,Traffic Signal,Clear,Daylight,Dry,Non-Fatal Injury,Pedestrian Collisions,Driver,50 to 54,,Rosedale-Moore Park
15891,2019-08-31 08:00:00,MOUNT PLEASANT RD,ELM AVE,North York,43.674468,-79.380153,Traffic Signal,Clear,Daylight,Dry,Non-Fatal Injury,Pedestrian Collisions,Pedestrian,70 to 74,Major,Rosedale-Moore Park
15892,2019-08-31 08:00:00,JOHN GARLAND BLVD,KENDLETON DR,Etobicoke York,43.734889,-79.580325,No Control,Clear,Daylight,Dry,Non-Fatal Injury,Cyclist Collisions,Driver,65 to 69,,Mount Olive-Silverstone-Jamestown
15893,2019-08-31 08:00:00,JOHN GARLAND BLVD,KENDLETON DR,Etobicoke York,43.734889,-79.580325,No Control,Clear,Daylight,Dry,Non-Fatal Injury,Cyclist Collisions,Cyclist,55 to 59,Major,Mount Olive-Silverstone-Jamestown
15894,2019-09-02 08:00:00,495 THE WEST MALL,,Etobicoke York,43.647906,-79.568042,No Control,Clear,Daylight,Dry,Non-Fatal Injury,Angle,Motorcycle Driver,20 to 24,Major,Etobicoke West Mall
15895,2019-09-02 08:00:00,495 THE WEST MALL,,Etobicoke York,43.647906,-79.568042,No Control,Clear,Daylight,Dry,Non-Fatal Injury,Angle,Driver,30 to 34,,Etobicoke West Mall
15896,2019-09-02 08:00:00,495 THE WEST MALL,,Etobicoke York,43.647906,-79.568042,No Control,Clear,Daylight,Dry,Non-Fatal Injury,Angle,Motorcycle Driver,unknown,,Etobicoke West Mall
15897,2019-09-02 08:00:00,GARRYBROOK DR,HUNTINGWOOD DR,Scarborough,43.788966,-79.307216,Stop Sign,Clear,Daylight,Dry,Non-Fatal Injury,Cyclist Collisions,Driver,20 to 24,,Tam O'Shanter-Sullivan
15898,2019-09-02 08:00:00,GARRYBROOK DR,HUNTINGWOOD DR,Scarborough,43.788966,-79.307216,Stop Sign,Clear,Daylight,Dry,Non-Fatal Injury,Cyclist Collisions,Cyclist,30 to 34,Major,Tam O'Shanter-Sullivan
15899,2019-09-03 08:00:00,KENNEDY RD,HIGHWAY 401 C  E,Scarborough,43.774371,-79.284335,No Control,Clear,Daylight,Dry,Non-Fatal Injury,SMV Other,Driver,70 to 74,Major,Dorset Park
15900,2019-09-03 08:00:00,KING ST W,PORTLAND ST,Toronto and East York,43.644381,-79.400058,Traffic Signal,Clear,Dark,Dry,Non-Fatal Injury,Cyclist Collisions,Cyclist,45 to 49,Major,Wellington Place
15901,2019-09-03 08:00:00,KING ST W,PORTLAND ST,Toronto and East York,43.644381,-79.400058,Traffic Signal,Clear,Dark,Dry,Non-Fatal Injury,Cyclist Collisions,Driver,30 to 34,,Wellington Place
15902,2019-09-03 08:00:00,LANSDOWNE AVE,WALLACE AVE,Etobicoke York,43.662287,-79.444377,No Control,Clear,Daylight,Dry,Non-Fatal Injury,Pedestrian Collisions,Driver,25 to 29,,Junction-Wallace Emerson
15903,2019-09-03 08:00:00,LANSDOWNE AVE,WALLACE AVE,Etobicoke York,43.662287,-79.444377,No Control,Clear,Daylight,Dry,Non-Fatal Injury,Pedestrian Collisions,Pedestrian,25 to 29,Major,Junction-Wallace Emerson
15904,2019-09-04 08:00:00,1750 VICTORIA PARK AVE,,North York,43.736197,-79.307407,No Control,Clear,Daylight,Dry,Non-Fatal Injury,Cyclist Collisions,Driver,55 to 59,Minimal,Victoria Village
15905,2019-09-04 08:00:00,1750 VICTORIA PARK AVE,,North York,43.736197,-79.307407,No Control,Clear,Daylight,Dry,Non-Fatal Injury,Cyclist Collisions,Cyclist,10 to 14,Major,Victoria Village
15906,2019-09-04 08:00:00,O CONNOR DR,SUNRISE AVE,North York,43.718833,-79.304431,Traffic Signal,Clear,Daylight,Dry,Non-Fatal Injury,Angle,Driver,50 to 54,Major,Victoria Village
15907,2019-09-04 08:00:00,O CONNOR DR,SUNRISE AVE,North York,43.718833,-79.304431,Traffic Signal,Clear,Daylight,Dry,Non-Fatal Injury,Angle,Driver,50 to 54,,Victoria Village
15908,2019-09-04 08:00:00,O CONNOR DR,SUNRISE AVE,North York,43.718833,-79.304431,Traffic Signal,Clear,Daylight,Dry,Non-Fatal Injury,Angle,Passenger,45 to 49,Minimal,Victoria Village
15909,2019-09-04 08:00:00,WESTON RD,ROGERS RD,Etobicoke York,43.681536,-79.476711,Traffic Signal,Clear,"Dark, artificial",Dry,Non-Fatal Injury,Turning Movement,Driver,25 to 29,,Rockcliffe-Smythe
15910,2019-09-04 08:00:00,WESTON RD,ROGERS RD,Etobicoke York,43.681536,-79.476711,Traffic Signal,Clear,"Dark, artificial",Dry,Non-Fatal Injury,Turning Movement,Motorcycle Driver,40 to 44,Major,Rockcliffe-Smythe
15911,2019-09-06 08:00:00,WARDEN AVE,MCNICOLL AVE,Scarborough,43.808352,-79.32191,No Control,Clear,Daylight,Dry,Fatal,Pedestrian Collisions,Pedestrian,Over 95,Fatal,Steeles
15912,2019-09-06 08:00:00,WARDEN AVE,MCNICOLL AVE,Scarborough,43.808352,-79.32191,No Control,Clear,Daylight,Dry,Fatal,Pedestrian Collisions,Driver,25 to 29,,Steeles
15913,2019-09-06 08:00:00,DIXON RD,ISLINGTON AVE,Etobicoke York,43.696955,-79.546672,Traffic Signal,Clear,Daylight,Dry,Fatal,Pedestrian Collisions,Pedestrian,75 to 79,Fatal,Kingsview Village-The Westway
15914,2019-09-06 08:00:00,DIXON RD,ISLINGTON AVE,Etobicoke York,43.696955,-79.546672,Traffic Signal,Clear,Daylight,Dry,Fatal,Pedestrian Collisions,Driver,45 to 49,,Kingsview Village-The Westway
15915,2019-09-06 08:00:00,RICHMOND ST W,YONGE ST,Toronto and East York,43.651427,-79.379802,No Control,Clear,Daylight,Wet,Non-Fatal Injury,Pedestrian Collisions,Driver,45 to 49,Minimal,Yonge-Bay Corridor
15916,2019-09-06 08:00:00,RICHMOND ST W,YONGE ST,Toronto and East York,43.651427,-79.379802,No Control,Clear,Daylight,Wet,Non-Fatal Injury,Pedestrian Collisions,Pedestrian,50 to 54,Major,Yonge-Bay Corridor
15917,2019-09-07 08:00:00,LAWRENCE AVE E,UNDERHILL DR,North York,43.740718,-79.324664,Traffic Signal,Clear,Dark,Dry,Fatal,Turning Movement,Driver,40 to 44,,Victoria Village
15918,2019-09-07 08:00:00,LAWRENCE AVE E,UNDERHILL DR,North York,43.740718,-79.324664,Traffic Signal,Clear,Dark,Dry,Fatal,Turning Movement,Motorcycle Driver,20 to 24,Fatal,Victoria Village
15919,2019-09-07 08:00:00,LAKE PROMENADE,CRYSTAL CRES,Etobicoke York,43.590289,-79.526683,No Control,Clear,Daylight,Dry,Non-Fatal Injury,Cyclist Collisions,Truck Driver,50 to 54,,Long Branch
15920,2019-09-07 08:00:00,LAKE PROMENADE,CRYSTAL CRES,Etobicoke York,43.590289,-79.526683,No Control,Clear,Daylight,Dry,Non-Fatal Injury,Cyclist Collisions,Cyclist,50 to 54,Major,Long Branch
15921,2019-09-08 08:00:00,KING ST W,PORTLAND ST,Toronto and East York,43.644381,-79.400058,Traffic Signal,Clear,Dark,Dry,Non-Fatal Injury,Cyclist Collisions,Driver,20 to 24,,Wellington Place
15922,2019-09-08 08:00:00,KING ST W,PORTLAND ST,Toronto and East York,43.644381,-79.400058,Traffic Signal,Clear,Dark,Dry,Non-Fatal Injury,Cyclist Collisions,Cyclist,45 to 49,Major,Wellington Place
15923,2019-09-08 08:00:00,STEELES AVE E,MOUNTCASTLE GT,Scarborough,43.820498,-79.320415,Traffic Signal,Clear,Daylight,Dry,Non-Fatal Injury,Turning Movement,Driver,30 to 34,Minimal,Steeles
15924,2019-09-08 08:00:00,STEELES AVE E,MOUNTCASTLE GT,Scarborough,43.820498,-79.320415,Traffic Signal,Clear,Daylight,Dry,Non-Fatal Injury,Turning Movement,Driver,65 to 69,Major,Steeles
15925,2019-09-08 08:00:00,STEELES AVE E,MOUNTCASTLE GT,Scarborough,43.820498,-79.320415,Traffic Signal,Clear,Daylight,Dry,Non-Fatal Injury,Turning Movement,Passenger,30 to 34,Minimal,Steeles
15926,2019-09-08 08:00:00,STEELES AVE E,MOUNTCASTLE GT,Scarborough,43.820498,-79.320415,Traffic Signal,Clear,Daylight,Dry,Non-Fatal Injury,Turning Movement,Passenger,0 to 4,Minimal,Steeles
15927,2019-09-08 08:00:00,STEELES AVE E,MOUNTCASTLE GT,Scarborough,43.820498,-79.320415,Traffic Signal,Clear,Daylight,Dry,Non-Fatal Injury,Turning Movement,Passenger,5 to 9,,Steeles
15928,2019-09-08 08:00:00,STEELES AVE E,MOUNTCASTLE GT,Scarborough,43.820498,-79.320415,Traffic Signal,Clear,Daylight,Dry,Non-Fatal Injury,Turning Movement,Passenger,65 to 69,Major,Steeles
15929,2019-09-09 08:00:00,LAWRENCE AVE W,AVENUE RD,North York,43.722186,-79.415569,Traffic Signal,Clear,Daylight,Dry,Non-Fatal Injury,Turning Movement,Driver,35 to 39,Minor,Bedford Park-Nortown
15930,2019-09-09 08:00:00,LAWRENCE AVE W,AVENUE RD,North York,43.722186,-79.415569,Traffic Signal,Clear,Daylight,Dry,Non-Fatal Injury,Turning Movement,Driver,35 to 39,Major,Bedford Park-Nortown
15931,2019-09-09 08:00:00,EGLINTON AVE W,CHILTERN HILL RD,Toronto and East York,43.700457,-79.427722,Stop Sign,Clear,Dark,Dry,Non-Fatal Injury,Turning Movement,Driver,45 to 49,,Humewood-Cedarvale
15932,2019-09-09 08:00:00,EGLINTON AVE W,CHILTERN HILL RD,Toronto and East York,43.700457,-79.427722,Stop Sign,Clear,Dark,Dry,Non-Fatal Injury,Turning Movement,Driver,35 to 39,Major,Humewood-Cedarvale
15933,2019-09-10 08:00:00,19 FOUR WINDS DR,,Etobicoke York,43.763919,-79.498958,No Control,Clear,Daylight,Dry,Non-Fatal Injury,Pedestrian Collisions,Driver,40 to 44,,York University Heights
15934,2019-09-10 08:00:00,19 FOUR WINDS DR,,Etobicoke York,43.763919,-79.498958,No Control,Clear,Daylight,Dry,Non-Fatal Injury,Pedestrian Collisions,Pedestrian,75 to 79,Major,York University Heights
15935,2019-09-10 08:00:00,YONGE ST,ERSKINE AVE,North York,43.711005,-79.399272,No Control,Clear,Daylight,Dry,Fatal,Pedestrian Collisions,Pedestrian,50 to 54,Fatal,North Toronto
15936,2019-09-10 08:00:00,YONGE ST,ERSKINE AVE,North York,43.711005,-79.399272,No Control,Clear,Daylight,Dry,Fatal,Pedestrian Collisions,Driver,55 to 59,,North Toronto
15937,2019-09-11 08:00:00,JANE ST,GRANDRAVINE DR,North York,43.747023,-79.515086,Traffic Signal,Rain,"Dark, artificial",Wet,Non-Fatal Injury,Pedestrian Collisions,Driver,35 to 39,,Glenfield-Jane Heights
15938,2019-09-11 08:00:00,JANE ST,GRANDRAVINE DR,North York,43.747023,-79.515086,Traffic Signal,Rain,"Dark, artificial",Wet,Non-Fatal Injury,Pedestrian Collisions,Pedestrian,60 to 64,Major,Glenfield-Jane Heights
15939,2019-09-12 08:00:00,BURNHAMTHORPE RD,THE WEST MALL,Etobicoke York,43.64448,-79.567203,Traffic Signal,Clear,Daylight,Dry,Non-Fatal Injury,Angle,Driver,25 to 29,,Etobicoke West Mall
15940,2019-09-12 08:00:00,BURNHAMTHORPE RD,THE WEST MALL,Etobicoke York,43.64448,-79.567203,Traffic Signal,Clear,Daylight,Dry,Non-Fatal Injury,Angle,Driver,50 to 54,Minor,Etobicoke West Mall
15941,2019-09-12 08:00:00,BURNHAMTHORPE RD,THE WEST MALL,Etobicoke York,43.64448,-79.567203,Traffic Signal,Clear,Daylight,Dry,Non-Fatal Injury,Angle,Passenger,25 to 29,Major,Etobicoke West Mall
15942,2019-09-12 08:00:00,MARTIN GROVE RD,EGLINTON AVE W,Etobicoke York,43.674407,-79.563129,Traffic Signal,Clear,"Dark, artificial",Dry,Non-Fatal Injury,Cyclist Collisions,Driver,50 to 54,,Princess-Rosethorn
15943,2019-09-12 08:00:00,MARTIN GROVE RD,EGLINTON AVE W,Etobicoke York,43.674407,-79.563129,Traffic Signal,Clear,"Dark, artificial",Dry,Non-Fatal Injury,Cyclist Collisions,Cyclist,25 to 29,Major,Princess-Rosethorn
15944,2019-09-13 08:00:00,LAKE SHORE BLVD W,LOWER SIMCOE ST,Etobicoke York,43.64033,-79.383174,Traffic Signal,Clear,Daylight,Dry,Non-Fatal Injury,Pedestrian Collisions,Driver,30 to 34,,Harbourfront-CityPlace
15945,2019-09-13 08:00:00,LAKE SHORE BLVD W,LOWER SIMCOE ST,Etobicoke York,43.64033,-79.383174,Traffic Signal,Clear,Daylight,Dry,Non-Fatal Injury,Pedestrian Collisions,Pedestrian,50 to 54,Major,Harbourfront-CityPlace
15946,2019-09-14 08:00:00,DON VALLEY PARKWAY  N,SPANBRIDGE RD,North York,43.71255,-79.325435,No Control,Rain,"Dark, artificial",Wet,Non-Fatal Injury,SMV Other,Driver,60 to 64,Major,Flemingdon Park
15947,2019-09-14 08:00:00,DON VALLEY PARKWAY  N,SPANBRIDGE RD,North York,43.71255,-79.325435,No Control,Rain,"Dark, artificial",Wet,Non-Fatal Injury,SMV Other,Driver,45 to 49,Minimal,Flemingdon Park
15948,2019-09-14 08:00:00,DON VALLEY PARKWAY  N,SPANBRIDGE RD,North York,43.71255,-79.325435,No Control,Rain,"Dark, artificial",Wet,Non-Fatal Injury,SMV Other,Passenger,30 to 34,Minimal,Flemingdon Park
15949,2019-09-14 08:00:00,333 SHERBOURNE ST,,Toronto and East York,43.662169,-79.37263,No Control,Clear,"Daylight, artificial",Dry,Non-Fatal Injury,Cyclist Collisions,Truck Driver,35 to 39,,Moss Park
15950,2019-09-14 08:00:00,333 SHERBOURNE ST,,Toronto and East York,43.662169,-79.37263,No Control,Clear,"Daylight, artificial",Dry,Non-Fatal Injury,Cyclist Collisions,Cyclist,40 to 44,Major,Moss Park
15951,2019-09-15 08:00:00,WILSON AVE,DELAHAYE ST,North York,43.735827,-79.44102,No Control,Clear,Daylight,Wet,Non-Fatal Injury,Approaching,Driver,80 to 84,Major,Clanton Park
15952,2019-09-15 08:00:00,WILSON AVE,DELAHAYE ST,North York,43.735827,-79.44102,No Control,Clear,Daylight,Wet,Non-Fatal Injury,Approaching,Driver,35 to 39,,Clanton Park
15953,2019-09-16 08:00:00,JARVIS ST,RICHARD BIGLEY  LANE,Scarborough,43.654002,-79.373355,No Control,Clear,"Dark, artificial",Dry,Non-Fatal Injury,Pedestrian Collisions,Driver,30 to 34,,Moss Park
15954,2019-09-16 08:00:00,JARVIS ST,RICHARD BIGLEY  LANE,Scarborough,43.654002,-79.373355,No Control,Clear,"Dark, artificial",Dry,Non-Fatal Injury,Pedestrian Collisions,Pedestrian,35 to 39,Major,Moss Park
15955,2019-09-16 08:00:00,BRIMLEY RD,HEATHER RD,Scarborough,43.790507,-79.269923,Traffic Signal,Clear,Daylight,Dry,Non-Fatal Injury,Approaching,Driver,20 to 24,Major,Agincourt North
15956,2019-09-16 08:00:00,BRIMLEY RD,HEATHER RD,Scarborough,43.790507,-79.269923,Traffic Signal,Clear,Daylight,Dry,Non-Fatal Injury,Approaching,Truck Driver,60 to 64,,Agincourt North
15957,2019-09-17 08:00:00,LA ROSE AVE,SCARLETT RD,Etobicoke York,43.686526,-79.514964,No Control,Clear,Daylight,Dry,Non-Fatal Injury,Cyclist Collisions,Driver,20 to 24,,Humber Heights-Westmount
15958,2019-09-17 08:00:00,LA ROSE AVE,SCARLETT RD,Etobicoke York,43.686526,-79.514964,No Control,Clear,Daylight,Dry,Non-Fatal Injury,Cyclist Collisions,Cyclist,50 to 54,Major,Humber Heights-Westmount
15959,2019-09-17 08:00:00,LAWRENCE AVE E,AINSDALE RD,Scarborough,43.745886,-79.291835,Stop Sign,Clear,Daylight,Dry,Fatal,Pedestrian Collisions,Driver,55 to 59,Minimal,Wexford/Maryvale
15960,2019-09-17 08:00:00,LAWRENCE AVE E,AINSDALE RD,Scarborough,43.745886,-79.291835,Stop Sign,Clear,Daylight,Dry,Fatal,Pedestrian Collisions,Pedestrian,55 to 59,Fatal,Wexford/Maryvale
15961,2019-09-21 08:00:00,KINGSTON RD,OVERTURE RD,Scarborough,43.760127,-79.196391,No Control,Clear,Daylight,Dry,Non-Fatal Injury,Pedestrian Collisions,Driver,60 to 64,,West Hill
15962,2019-09-21 08:00:00,KINGSTON RD,OVERTURE RD,Scarborough,43.760127,-79.196391,No Control,Clear,Daylight,Dry,Non-Fatal Injury,Pedestrian Collisions,Pedestrian,25 to 29,Major,West Hill
15963,2019-09-21 08:00:00,MCCOWAN RD,HOLLYHEDGE DR,Scarborough,43.753478,-79.244663,No Control,Clear,Dark,Dry,Non-Fatal Injury,Turning Movement,Driver,35 to 39,Major,Bendale South
15964,2019-09-21 08:00:00,MCCOWAN RD,HOLLYHEDGE DR,Scarborough,43.753478,-79.244663,No Control,Clear,Dark,Dry,Non-Fatal Injury,Turning Movement,Motorcycle Driver,25 to 29,,Bendale South
15965,2019-09-23 08:00:00,SCARBOROUGH GOLF CLUB RD,CONFEDERATION DR,Scarborough,43.757247,-79.214244,No Control,Clear,Dusk,Dry,Fatal,Pedestrian Collisions,Pedestrian,15 to 19,Fatal,Golfdale-Cedarbrae-Woburn
15966,2019-09-23 08:00:00,SCARBOROUGH GOLF CLUB RD,CONFEDERATION DR,Scarborough,43.757247,-79.214244,No Control,Clear,Dusk,Dry,Fatal,Pedestrian Collisions,Driver,20 to 24,,Golfdale-Cedarbrae-Woburn
15967,2019-09-24 08:00:00,EGLINTON AV W,HWY 401 W ON-RAMP,Etobicoke York,43.674147,-79.564418,Traffic Signal,Clear,"Dark, artificial",Dry,Non-Fatal Injury,SMV Other,Driver,20 to 24,,Eringate-Centennial-West Deane
15968,2019-09-24 08:00:00,EGLINTON AV W,HWY 401 W ON-RAMP,Etobicoke York,43.674147,-79.564418,Traffic Signal,Clear,"Dark, artificial",Dry,Non-Fatal Injury,SMV Other,Passenger,20 to 24,Major,Eringate-Centennial-West Deane
15969,2019-09-24 08:00:00,DANFORTH AVE,WANSTEAD AVE,Scarborough,43.692488,-79.282268,No Control,Clear,"Dark, artificial",Dry,Fatal,Pedestrian Collisions,Pedestrian,65 to 69,Fatal,Oakridge
15970,2019-09-24 08:00:00,DANFORTH AVE,WANSTEAD AVE,Scarborough,43.692488,-79.282268,No Control,Clear,"Dark, artificial",Dry,Fatal,Pedestrian Collisions,Driver,40 to 44,,Oakridge
15971,2019-09-26 08:00:00,NASSAU ST,BATHURST ST,Toronto and East York,43.654357,-79.406001,No Control,Clear,Daylight,Wet,Non-Fatal Injury,Pedestrian Collisions,Driver,70 to 74,,Kensington-Chinatown
15972,2019-09-26 08:00:00,NASSAU ST,BATHURST ST,Toronto and East York,43.654357,-79.406001,No Control,Clear,Daylight,Wet,Non-Fatal Injury,Pedestrian Collisions,Driver,30 to 34,,Kensington-Chinatown
15973,2019-09-26 08:00:00,NASSAU ST,BATHURST ST,Toronto and East York,43.654357,-79.406001,No Control,Clear,Daylight,Wet,Non-Fatal Injury,Pedestrian Collisions,Pedestrian,25 to 29,Major,Kensington-Chinatown
15974,2019-09-26 08:00:00,EGLINTON AVE E,WYNFORD DR,North York,43.724559,-79.324329,No Control,Clear,Daylight,Dry,Non-Fatal Injury,Cyclist Collisions,Cyclist,50 to 54,Major,Flemingdon Park
15975,2019-09-26 08:00:00,EGLINTON AVE E,WYNFORD DR,North York,43.724559,-79.324329,No Control,Clear,Daylight,Dry,Non-Fatal Injury,Cyclist Collisions,Driver,35 to 39,,Flemingdon Park
15976,2019-09-26 08:00:00,EGLINTON AVE E,WYNFORD DR,North York,43.724559,-79.324329,No Control,Clear,Daylight,Dry,Non-Fatal Injury,Cyclist Collisions,Driver,25 to 29,,Flemingdon Park
15977,2019-09-28 08:00:00,SHEPPARD AVE W,JANE ST,North York,43.739443,-79.511859,No Control,Rain,"Dark, artificial",Wet,Non-Fatal Injury,Approaching,Driver,55 to 59,Major,Glenfield-Jane Heights
15978,2019-09-28 08:00:00,SHEPPARD AVE W,JANE ST,North York,43.739443,-79.511859,No Control,Rain,"Dark, artificial",Wet,Non-Fatal Injury,Approaching,Driver,50 to 54,Minor,Glenfield-Jane Heights
15979,2019-09-28 08:00:00,KENNEDY RD,ST CLAIR AVE E,Scarborough,43.716452,-79.261302,Traffic Signal,Clear,"Dark, artificial",Dry,Fatal,Angle,Passenger,40 to 44,,Clairlea-Birchmount
15980,2019-09-28 08:00:00,KENNEDY RD,ST CLAIR AVE E,Scarborough,43.716452,-79.261302,Traffic Signal,Clear,"Dark, artificial",Dry,Fatal,Angle,Driver,65 to 69,Fatal,Clairlea-Birchmount
15981,2019-09-28 08:00:00,KENNEDY RD,ST CLAIR AVE E,Scarborough,43.716452,-79.261302,Traffic Signal,Clear,"Dark, artificial",Dry,Fatal,Angle,Passenger,60 to 64,Minor,Clairlea-Birchmount
15982,2019-09-28 08:00:00,KENNEDY RD,ST CLAIR AVE E,Scarborough,43.716452,-79.261302,Traffic Signal,Clear,"Dark, artificial",Dry,Fatal,Angle,Driver,35 to 39,,Clairlea-Birchmount
15983,2019-09-28 08:00:00,KENNEDY RD,ST CLAIR AVE E,Scarborough,43.716452,-79.261302,Traffic Signal,Clear,"Dark, artificial",Dry,Fatal,Angle,Passenger,5 to 9,Minor,Clairlea-Birchmount
15984,2019-09-29 08:00:00,KIPLING AVE,BETHRIDGE RD,Etobicoke York,43.707354,-79.5647,No Control,Clear,"Daylight, artificial",Dry,Fatal,Pedestrian Collisions,Pedestrian,55 to 59,Fatal,West Humber-Clairville
15985,2019-09-29 08:00:00,KIPLING AVE,BETHRIDGE RD,Etobicoke York,43.707354,-79.5647,No Control,Clear,"Daylight, artificial",Dry,Fatal,Pedestrian Collisions,Driver,50 to 54,,West Humber-Clairville
15986,2019-10-04 08:00:00,EGLINTON AVE W,HEDDINGTON AVE,North York,43.703402,-79.413844,Traffic Signal,Clear,Daylight,Dry,Non-Fatal Injury,Pedestrian Collisions,Driver,45 to 49,,Forest Hill South
15987,2019-10-04 08:00:00,EGLINTON AVE W,HEDDINGTON AVE,North York,43.703402,-79.413844,Traffic Signal,Clear,Daylight,Dry,Non-Fatal Injury,Pedestrian Collisions,Pedestrian,40 to 44,Major,Forest Hill South
15988,2019-10-04 08:00:00,BATHURST ST,LAKE SHORE BLVD W,Toronto and East York,43.636412,-79.399608,Traffic Signal,Clear,Dark,Dry,Non-Fatal Injury,Pedestrian Collisions,Driver,20 to 24,,Fort York-Liberty Village
15989,2019-10-04 08:00:00,BATHURST ST,LAKE SHORE BLVD W,Toronto and East York,43.636412,-79.399608,Traffic Signal,Clear,Dark,Dry,Non-Fatal Injury,Pedestrian Collisions,Pedestrian,30 to 34,Major,Fort York-Liberty Village