,DATE,STREET1,STREET2,DISTRICT,LATITUDE,LONGITUDE,TRAFFCTL,VISIBILITY,LIGHT,RDSFCOND,ACCLASS,IMPACTYPE,INVTYPE,INVAGE,INJURY,NEIGHBOURHOOD_158
16818,2020-11-28 10:00:00,JANE ST,DALRYMPLE DR,Etobicoke York,43.677169,-79.496112,No Control,Clear,"Dark, artificial",Dry,Non-Fatal Injury,SMV Other,,unknown,,Rockcliffe-Smythe
16819,2020-11-29 10:00:00,STEELES  AVE W,HILDA  AVE,North York,43.795935,-79.429225,Traffic Signal,Clear,"Dark, artificial",Dry,Non-Fatal Injury,Pedestrian Collisions,Driver,30 to 34,,Newtonbrook West
16820,2020-11-29 10:00:00,STEELES  AVE W,HILDA  AVE,North York,43.795935,-79.429225,Traffic Signal,Clear,"Dark, artificial",Dry,Non-Fatal Injury,Pedestrian Collisions,Pedestrian,60 to 64,Major,Newtonbrook West
16821,2020-11-30 10:00:00,BEECROFT RD,LORRAINE DR,North York,43.777594,-79.417827,Stop Sign,Rain,"Daylight, artificial",Wet,Non-Fatal Injury,Cyclist Collisions,Cyclist,60 to 64,Minimal,Willowdale West
16822,2020-11-30 10:00:00,BEECROFT RD,LORRAINE DR,North York,43.777594,-79.417827,Stop Sign,Rain,"Daylight, artificial",Wet,Non-Fatal Injury,Cyclist Collisions,Driver,45 to 49,Major,Willowdale West
16823,2020-11-30 10:00:00,WARDEN AVE,SHEPPARD AVE E,Scarborough,43.778659,-79.307864,Traffic Signal,Rain,"Dark, artificial",Wet,Non-Fatal Injury,Pedestrian Collisions,Driver,45 to 49,,Tam O'Shanter-Sullivan
16824,2020-11-30 10:00:00,WARDEN AVE,SHEPPARD AVE E,Scarborough,43.778659,-79.307864,Traffic Signal,Rain,"Dark, artificial",Wet,Non-Fatal Injury,Pedestrian Collisions,Pedestrian,25 to 29,Major,Tam O'Shanter-Sullivan
16825,2020-11-30 10:00:00,VAN HORNE AVE,VICTORIA PARK AVE,North York,43.789179,-79.329547,Traffic Signal,Rain,"Dark, artificial",Wet,Non-Fatal Injury,Pedestrian Collisions,Driver,20 to 24,,L'Amoreaux West
16826,2020-11-30 10:00:00,VAN HORNE AVE,VICTORIA PARK AVE,North York,43.789179,-79.329547,Traffic Signal,Rain,"Dark, artificial",Wet,Non-Fatal Injury,Pedestrian Collisions,Pedestrian,30 to 34,Major,L'Amoreaux West
16827,2020-12-02 10:00:00,DUFFERIN ST,SYLVAN AVE,Toronto and East York,43.654608,-79.433322,No Control,Clear,Daylight,Dry,Fatal,Cyclist Collisions,Cyclist,20 to 24,Fatal,Dufferin Grove
16828,2020-12-02 10:00:00,DUFFERIN ST,SYLVAN AVE,Toronto and East York,43.654608,-79.433322,No Control,Clear,Daylight,Dry,Fatal,Cyclist Collisions,Driver,35 to 39,,Dufferin Grove
16829,2020-12-02 10:00:00,DUFFERIN ST,SYLVAN AVE,Toronto and East York,43.654608,-79.433322,No Control,Clear,Daylight,Dry,Fatal,Cyclist Collisions,Driver,30 to 34,,Dufferin Grove
16830,2020-12-05 10:00:00,2255 MARKHAM RD,,Scarborough,43.809523,-79.243236,No Control,Clear,"Dusk, artificial",Dry,Fatal,Pedestrian Collisions,Pedestrian,35 to 39,Fatal,Malvern West
16831,2020-12-05 10:00:00,2255 MARKHAM RD,,Scarborough,43.809523,-79.243236,No Control,Clear,"Dusk, artificial",Dry,Fatal,Pedestrian Collisions,Truck Driver,45 to 49,,Malvern West
16832,2020-12-08 10:00:00,STEELES AVE E,PUTNAM GT,Scarborough,43.822402,-79.312221,Traffic Signal,Clear,Daylight,Dry,Non-Fatal Injury,Pedestrian Collisions,Driver,50 to 54,,Steeles
16833,2020-12-08 10:00:00,STEELES AVE E,PUTNAM GT,Scarborough,43.822402,-79.312221,Traffic Signal,Clear,Daylight,Dry,Non-Fatal Injury,Pedestrian Collisions,Pedestrian,55 to 59,Major,Steeles
16834,2020-12-08 10:00:00,MCCOWAN RD,LAWRENCE  AVE E,Scarborough,43.755477,-79.245387,Traffic Signal,Clear,"Dark, artificial",Dry,Non-Fatal Injury,Pedestrian Collisions,Driver,45 to 49,,Bendale South
16835,2020-12-08 10:00:00,MCCOWAN RD,LAWRENCE  AVE E,Scarborough,43.755477,-79.245387,Traffic Signal,Clear,"Dark, artificial",Dry,Non-Fatal Injury,Pedestrian Collisions,Pedestrian,30 to 34,Major,Bendale South
16836,2020-12-08 10:00:00,CORDOVA AVE,MABELLE AVE,Etobicoke York,43.647303,-79.525783,No Control,Clear,Dark,Dry,Non-Fatal Injury,SMV Other,Driver,unknown,,Etobicoke City Centre
16837,2020-12-08 10:00:00,CORDOVA AVE,MABELLE AVE,Etobicoke York,43.647303,-79.525783,No Control,Clear,Dark,Dry,Non-Fatal Injury,SMV Other,Passenger,25 to 29,Major,Etobicoke City Centre
16838,2020-12-09 10:00:00,MARKHAM RD,PROGRESS AVE,Scarborough,43.782408,-79.234088,No Control,Clear,"Dark, artificial",Wet,Non-Fatal Injury,Cyclist Collisions,Driver,35 to 39,,Woburn North
16839,2020-12-09 10:00:00,MARKHAM RD,PROGRESS AVE,Scarborough,43.782408,-79.234088,No Control,Clear,"Dark, artificial",Wet,Non-Fatal Injury,Cyclist Collisions,Cyclist,30 to 34,Major,Woburn North
16840,2020-12-10 10:00:00,MARTIN GROVE RD,GIHON SPRING DR,Etobicoke York,43.754725,-79.600589,No Control,Clear,"Dark, artificial",Dry,Fatal,SMV Other,Driver,25 to 29,Fatal,West Humber-Clairville
16841,2020-12-12 10:00:00,1206 AVENUE RD,,North York,43.712023,-79.411685,No Control,Clear,"Dark, artificial",Dry,Non-Fatal Injury,SMV Other,Driver,35 to 39,Major,Lawrence Park South
16842,2020-12-12 10:00:00,BURNHAMTHORPE RD,RENFORTH DR,Etobicoke York,43.643267,-79.572444,Traffic Signal,Clear,"Dusk, artificial",Dry,Non-Fatal Injury,Pedestrian Collisions,Driver,40 to 44,,Etobicoke West Mall
16843,2020-12-12 10:00:00,BURNHAMTHORPE RD,RENFORTH DR,Etobicoke York,43.643267,-79.572444,Traffic Signal,Clear,"Dusk, artificial",Dry,Non-Fatal Injury,Pedestrian Collisions,Pedestrian,65 to 69,Major,Etobicoke West Mall
16844,2020-12-12 10:00:00,BURNHAMTHORPE RD,RENFORTH DR,Etobicoke York,43.643267,-79.572444,Traffic Signal,Clear,"Dusk, artificial",Dry,Non-Fatal Injury,Pedestrian Collisions,Passenger,80 to 84,,Etobicoke West Mall
16845,2020-12-12 10:00:00,BURNHAMTHORPE RD,RENFORTH DR,Etobicoke York,43.643267,-79.572444,Traffic Signal,Clear,"Dusk, artificial",Dry,Non-Fatal Injury,Pedestrian Collisions,Passenger,70 to 74,,Etobicoke West Mall
16846,2020-12-12 10:00:00,BURNHAMTHORPE RD,RENFORTH DR,Etobicoke York,43.643267,-79.572444,Traffic Signal,Clear,"Dusk, artificial",Dry,Non-Fatal Injury,Pedestrian Collisions,Passenger,5 to 9,,Etobicoke West Mall
16847,2020-12-12 10:00:00,BURNHAMTHORPE RD,RENFORTH DR,Etobicoke York,43.643267,-79.572444,Traffic Signal,Clear,"Dusk, artificial",Dry,Non-Fatal Injury,Pedestrian Collisions,Passenger,35 to 39,,Etobicoke West Mall
16848,2020-12-12 10:00:00,GREENCEDAR CRCT,MARKHAM RD,Scarborough,43.757769,-79.224674,Traffic Signal,Clear,"Dark, artificial",Wet,Non-Fatal Injury,SMV Other,Driver,15 to 19,Major,Golfdale-Cedarbrae-Woburn
16849,2020-12-12 10:00:00,GREENCEDAR CRCT,MARKHAM RD,Scarborough,43.757769,-79.224674,Traffic Signal,Clear,"Dark, artificial",Wet,Non-Fatal Injury,SMV Other,Passenger,15 to 19,Major,Golfdale-Cedarbrae-Woburn
16850,2020-12-17 10:00:00,LAWRENCE AVE E,HOWDEN RD,Scarborough,43.746749,-79.287921,Traffic Signal,Clear,Daylight,Dry,Fatal,Pedestrian Collisions,Truck Driver,50 to 54,,Wexford/Maryvale
16851,2020-12-17 10:00:00,LAWRENCE AVE E,HOWDEN RD,Scarborough,43.746749,-79.287921,Traffic Signal,Clear,Daylight,Dry,Fatal,Pedestrian Collisions,Pedestrian,40 to 44,Fatal,Wexford/Maryvale
16852,2020-12-17 10:00:00,168 CLONMORE DR,,Scarborough,43.690203,-79.277072,No Control,Clear,Daylight,Dry,Fatal,Pedestrian Collisions,Pedestrian,30 to 34,Fatal,Birchcliffe-Cliffside
16853,2020-12-17 10:00:00,168 CLONMORE DR,,Scarborough,43.690203,-79.277072,No Control,Clear,Daylight,Dry,Fatal,Pedestrian Collisions,Driver,20 to 24,,Birchcliffe-Cliffside
16854,2020-12-17 10:00:00,DON VALLEY PARKWAY  S,MILLWOOD RD,,43.697882,-79.347766,No Control,Clear,Dark,Dry,Non-Fatal Injury,SMV Other,Driver,20 to 24,,Old East York
16855,2020-12-17 10:00:00,DON VALLEY PARKWAY  S,MILLWOOD RD,,43.697882,-79.347766,No Control,Clear,Dark,Dry,Non-Fatal Injury,SMV Other,Passenger,20 to 24,Major,Old East York
16856,2020-12-18 10:00:00,YORK MILLS RD,DON VALLEY PARKWAY  S,North York,43.758177,-79.335841,No Control,Clear,Dark,Dry,Non-Fatal Injury,Turning Movement,Driver,45 to 49,Major,Parkwoods-O'Connor Hills
16857,2020-12-18 10:00:00,YORK MILLS RD,DON VALLEY PARKWAY  S,North York,43.758177,-79.335841,No Control,Clear,Dark,Dry,Non-Fatal Injury,Turning Movement,Driver,20 to 24,,Parkwoods-O'Connor Hills
16858,2020-12-18 10:00:00,YORK MILLS RD,DON VALLEY PARKWAY  S,North York,43.758177,-79.335841,No Control,Clear,Dark,Dry,Non-Fatal Injury,Turning Movement,Passenger,20 to 24,,Parkwoods-O'Connor Hills
16859,2020-12-20 10:00:00,ISLINGTON AVE,DUNDAS ST W,Etobicoke York,43.65129,-79.526355,Traffic Signal,Rain,"Dark, artificial",Wet,Non-Fatal Injury,SMV Other,Driver,15 to 19,Major,Kingsway South
16860,2020-12-20 10:00:00,ISLINGTON AVE,DUNDAS ST W,Etobicoke York,43.65129,-79.526355,Traffic Signal,Rain,"Dark, artificial",Wet,Non-Fatal Injury,SMV Other,Passenger,15 to 19,Major,Kingsway South
16861,2020-12-20 10:00:00,ISLINGTON AVE,DUNDAS ST W,Etobicoke York,43.65129,-79.526355,Traffic Signal,Rain,"Dark, artificial",Wet,Non-Fatal Injury,SMV Other,Passenger,15 to 19,Major,Kingsway South
16862,2020-12-21 10:00:00,ISABELLA ST,HUNTLEY ST,Toronto and East York,43.669074,-79.378078,Stop Sign,Rain,Dark,Wet,Non-Fatal Injury,Pedestrian Collisions,Driver,unknown,,North St.James Town
16863,2020-12-21 10:00:00,ISABELLA ST,HUNTLEY ST,Toronto and East York,43.669074,-79.378078,Stop Sign,Rain,Dark,Wet,Non-Fatal Injury,Pedestrian Collisions,Pedestrian,unknown,Major,North St.James Town
16864,2020-12-25 10:00:00,BURNHAMTHORPE RD,SILVER SHADOW PATH,Etobicoke York,43.641318,-79.579822,No Control,Snow,"Dark, artificial",Loose Snow,Non-Fatal Injury,SMV Other,Driver,50 to 54,Major,Markland Wood
16865,2020-12-25 10:00:00,BURNHAMTHORPE RD,SILVER SHADOW PATH,Etobicoke York,43.641318,-79.579822,No Control,Snow,"Dark, artificial",Loose Snow,Non-Fatal Injury,SMV Other,Passenger,65 to 69,Minor,Markland Wood
16866,2020-12-27 10:00:00,LAWRENCE AVE E,KENNEDY RD,Scarborough,43.748946,-79.277301,No Control,Clear,Daylight,Dry,Non-Fatal Injury,Rear End,Driver,55 to 59,Minor,Dorset Park
16867,2020-12-27 10:00:00,LAWRENCE AVE E,KENNEDY RD,Scarborough,43.748946,-79.277301,No Control,Clear,Daylight,Dry,Non-Fatal Injury,Rear End,Driver,35 to 39,,Dorset Park
16868,2020-12-27 10:00:00,LAWRENCE AVE E,KENNEDY RD,Scarborough,43.748946,-79.277301,No Control,Clear,Daylight,Dry,Non-Fatal Injury,Rear End,Passenger,35 to 39,Major,Dorset Park
16869,2020-12-27 10:00:00,LAWRENCE AVE E,KENNEDY RD,Scarborough,43.748946,-79.277301,No Control,Clear,Daylight,Dry,Non-Fatal Injury,Rear End,Passenger,unknown,Minimal,Dorset Park
16870,2020-12-30 10:00:00,DUNDAS ST E,OSKENONTON  LANE,Toronto and East York,43.658408,-79.370212,No Control,Rain,"Dark, artificial",Wet,Non-Fatal Injury,Pedestrian Collisions,Driver,40 to 44,,Moss Park
16871,2020-12-30 10:00:00,DUNDAS ST E,OSKENONTON  LANE,Toronto and East York,43.658408,-79.370212,No Control,Rain,"Dark, artificial",Wet,Non-Fatal Injury,Pedestrian Collisions,Pedestrian,70 to 74,Major,Moss Park
16872,2020-12-30 10:00:00,KENNEDY RD,SHEPPARD AVE E,Scarborough,43.783213,-79.288211,Traffic Signal,Rain,"Dark, artificial",Wet,Fatal,Pedestrian Collisions,Driver,35 to 39,,Agincourt South-Malvern West
16873,2020-12-30 10:00:00,KENNEDY RD,SHEPPARD AVE E,Scarborough,43.783213,-79.288211,Traffic Signal,Rain,"Dark, artificial",Wet,Fatal,Pedestrian Collisions,Pedestrian,55 to 59,Fatal,Agincourt South-Malvern West
16874,2021-01-01 10:00:00,KEELE ST,SHEPPARD AVE W,North York,43.744704,-79.486408,Traffic Signal,Clear,Daylight,Dry,Fatal,Angle,Driver,20 to 24,Major,Downsview
16875,2021-01-01 10:00:00,KEELE ST,SHEPPARD AVE W,North York,43.744704,-79.486408,Traffic Signal,Clear,Daylight,Dry,Fatal,Angle,Driver,40 to 44,Minimal,Downsview
16876,2021-01-01 10:00:00,KEELE ST,SHEPPARD AVE W,North York,43.744704,-79.486408,Traffic Signal,Clear,Daylight,Dry,Fatal,Angle,Passenger,35 to 39,Minor,Downsview
16877,2021-01-01 10:00:00,KEELE ST,SHEPPARD AVE W,North York,43.744704,-79.486408,Traffic Signal,Clear,Daylight,Dry,Fatal,Angle,Passenger,10 to 14,Minor,Downsview
16878,2021-01-01 10:00:00,KEELE ST,SHEPPARD AVE W,North York,43.744704,-79.486408,Traffic Signal,Clear,Daylight,Dry,Fatal,Angle,Passenger,5 to 9,Minor,Downsview
16879,2021-01-01 10:00:00,KEELE ST,SHEPPARD AVE W,North York,43.744704,-79.486408,Traffic Signal,Clear,Daylight,Dry,Fatal,Angle,Driver,65 to 69,Fatal,Downsview
16880,2021-01-07 10:00:00,1582 KING ST W,,Toronto and East York,43.638014,-79.444782,No Control,Clear,Daylight,Dry,Non-Fatal Injury,Pedestrian Collisions,Driver,50 to 54,,South Parkdale
16881,2021-01-07 10:00:00,1582 KING ST W,,Toronto and East York,43.638014,-79.444782,No Control,Clear,Daylight,Dry,Non-Fatal Injury,Pedestrian Collisions,Pedestrian,30 to 34,Major,South Parkdale
16882,2021-01-11 10:00:00,KINGSTON RD,SCARBOROUGH GOLF CLUB RD,Scarborough,43.745558,-79.209689,No Control,Clear,Dark,Dry,Non-Fatal Injury,Rear End,Driver,35 to 39,Major,Scarborough Village
16883,2021-01-11 10:00:00,KINGSTON RD,SCARBOROUGH GOLF CLUB RD,Scarborough,43.745558,-79.209689,No Control,Clear,Dark,Dry,Non-Fatal Injury,Rear End,Driver,55 to 59,Minor,Scarborough Village
16884,2021-01-11 10:00:00,KINGSTON RD,SCARBOROUGH GOLF CLUB RD,Scarborough,43.745558,-79.209689,No Control,Clear,Dark,Dry,Non-Fatal Injury,Rear End,Passenger,20 to 24,Minor,Scarborough Village
16885,2021-01-11 10:00:00,KINGSTON RD,SCARBOROUGH GOLF CLUB RD,Scarborough,43.745558,-79.209689,No Control,Clear,Dark,Dry,Non-Fatal Injury,Rear End,Passenger,35 to 39,Minor,Scarborough Village
16886,2021-01-11 10:00:00,KINGSTON RD,SCARBOROUGH GOLF CLUB RD,Scarborough,43.745558,-79.209689,No Control,Clear,Dark,Dry,Non-Fatal Injury,Rear End,Passenger,15 to 19,Minor,Scarborough Village
16887,2021-01-12 10:00:00,FINCH AVE W,KIPLING AVE,Etobicoke York,43.744063,-79.577297,No Control,Clear,"Dark, artificial",Wet,Fatal,Pedestrian Collisions,Pedestrian,40 to 44,Fatal,Thistletown-Beaumond Heights
16888,2021-01-12 10:00:00,FINCH AVE W,KIPLING AVE,Etobicoke York,43.744063,-79.577297,No Control,Clear,"Dark, artificial",Wet,Fatal,Pedestrian Collisions,Driver,60 to 64,,Thistletown-Beaumond Heights
16889,2021-01-13 10:00:00,MCLEVIN AVE,MARKHAM RD,Scarborough,43.798731,-79.239833,No Control,Clear,Daylight,Wet,Non-Fatal Injury,SMV Other,Driver,20 to 24,Major,Malvern West
16890,2021-01-15 10:00:00,EASTERN AVE,MARIGOLD AVE,Toronto and East York,43.660819,-79.330257,No Control,Clear,Daylight,Dry,Non-Fatal Injury,SMV Other,Truck Driver,60 to 64,Major,South Riverdale
16891,2021-01-15 10:00:00,GABIAN WAY,EGLINTON AVE W,Etobicoke York,43.691645,-79.467654,No Control,Rain,Dark,Wet,Non-Fatal Injury,Pedestrian Collisions,Driver,55 to 59,,Keelesdale-Eglinton West
16892,2021-01-15 10:00:00,GABIAN WAY,EGLINTON AVE W,Etobicoke York,43.691645,-79.467654,No Control,Rain,Dark,Wet,Non-Fatal Injury,Pedestrian Collisions,Pedestrian,60 to 64,Major,Keelesdale-Eglinton West
16893,2021-01-18 10:00:00,LESLIE ST,BANNATYNE DR,North York,43.759638,-79.361499,No Control,Snow,Dark,Wet,Non-Fatal Injury,SMV Other,Driver,65 to 69,Major,St.Andrew-Windfields
16894,2021-01-18 10:00:00,LESLIE ST,BANNATYNE DR,North York,43.759638,-79.361499,No Control,Snow,Dark,Wet,Non-Fatal Injury,SMV Other,Other,unknown,,St.Andrew-Windfields
16895,2021-01-20 10:00:00,FINCH  AVE E,LESLIE ST,North York,43.789939,-79.36803,Traffic Signal,Clear,Daylight,Dry,Non-Fatal Injury,Pedestrian Collisions,Driver,25 to 29,,Don Valley Village
16896,2021-01-20 10:00:00,FINCH  AVE E,LESLIE ST,North York,43.789939,-79.36803,Traffic Signal,Clear,Daylight,Dry,Non-Fatal Injury,Pedestrian Collisions,Pedestrian,85 to 89,Major,Don Valley Village
16897,2021-01-20 10:00:00,WOODBINE AVE,O CONNOR DR,Toronto and East York,43.700083,-79.318996,Traffic Signal,Clear,Daylight,Dry,Non-Fatal Injury,Cyclist Collisions,Driver,35 to 39,,Woodbine-Lumsden
16898,2021-01-20 10:00:00,WOODBINE AVE,O CONNOR DR,Toronto and East York,43.700083,-79.318996,Traffic Signal,Clear,Daylight,Dry,Non-Fatal Injury,Cyclist Collisions,Cyclist,55 to 59,Major,Woodbine-Lumsden
16899,2021-01-23 10:00:00,328 BAYVIEW AVE,,Toronto and East York,43.659552,-79.355396,No Control,Clear,Daylight,Dry,Non-Fatal Injury,Pedestrian Collisions,Driver,30 to 34,,Regent Park
16900,2021-01-23 10:00:00,328 BAYVIEW AVE,,Toronto and East York,43.659552,-79.355396,No Control,Clear,Daylight,Dry,Non-Fatal Injury,Pedestrian Collisions,Pedestrian,25 to 29,Major,Regent Park
16901,2021-01-23 10:00:00,328 BAYVIEW AVE,,Toronto and East York,43.659552,-79.355396,No Control,Clear,Daylight,Dry,Non-Fatal Injury,Pedestrian Collisions,Passenger,30 to 34,,Regent Park
16902,2021-01-25 10:00:00,JANE ST,WILSON AVE,Etobicoke York,43.721823,-79.508823,No Control,Clear,"Dark, artificial",Dry,Non-Fatal Injury,Pedestrian Collisions,Driver,50 to 54,,Oakdale-Beverley Heights
16903,2021-01-25 10:00:00,JANE ST,WILSON AVE,Etobicoke York,43.721823,-79.508823,No Control,Clear,"Dark, artificial",Dry,Non-Fatal Injury,Pedestrian Collisions,Pedestrian,50 to 54,Major,Oakdale-Beverley Heights
16904,2021-01-27 10:00:00,AVENUE RD,EGLINTON AVE W,Toronto and East York,43.704528,-79.408473,Traffic Signal,Clear,Daylight,Wet,Non-Fatal Injury,Turning Movement,Driver,15 to 19,,Yonge-Eglinton
16905,2021-01-27 10:00:00,AVENUE RD,EGLINTON AVE W,Toronto and East York,43.704528,-79.408473,Traffic Signal,Clear,Daylight,Wet,Non-Fatal Injury,Turning Movement,Driver,30 to 34,Major,Yonge-Eglinton
16906,2021-01-29 10:00:00,HORNER AVE,KIPLING AVE,Etobicoke York,43.607131,-79.520709,Traffic Signal,Clear,Daylight,Dry,Non-Fatal Injury,Angle,Driver,20 to 24,Major,Mimico-Queensway
16907,2021-01-29 10:00:00,HORNER AVE,KIPLING AVE,Etobicoke York,43.607131,-79.520709,Traffic Signal,Clear,Daylight,Dry,Non-Fatal Injury,Angle,Driver,65 to 69,Major,Mimico-Queensway
16908,2021-01-29 10:00:00,FINCH AVE E,MCCOWAN  RD,Scarborough,43.807955,-79.266467,Traffic Signal,Clear,Daylight,Dry,Non-Fatal Injury,Rear End,Driver,65 to 69,Major,Agincourt North
16909,2021-01-29 10:00:00,FINCH AVE E,MCCOWAN  RD,Scarborough,43.807955,-79.266467,Traffic Signal,Clear,Daylight,Dry,Non-Fatal Injury,Rear End,Driver,50 to 54,,Agincourt North
16910,2021-01-29 10:00:00,GREENWOOD AVE,MOUNTJOY AVE,Toronto and East York,43.679991,-79.331775,No Control,Clear,"Dark, artificial",Wet,Non-Fatal Injury,Approaching,Driver,45 to 49,Minor,Greenwood-Coxwell
16911,2021-01-29 10:00:00,GREENWOOD AVE,MOUNTJOY AVE,Toronto and East York,43.679991,-79.331775,No Control,Clear,"Dark, artificial",Wet,Non-Fatal Injury,Approaching,Driver,30 to 34,Minor,Greenwood-Coxwell
16912,2021-01-29 10:00:00,GREENWOOD AVE,MOUNTJOY AVE,Toronto and East York,43.679991,-79.331775,No Control,Clear,"Dark, artificial",Wet,Non-Fatal Injury,Approaching,Passenger,25 to 29,Major,Greenwood-Coxwell
16913,2021-01-29 10:00:00,GREENWOOD AVE,MOUNTJOY AVE,Toronto and East York,43.679991,-79.331775,No Control,Clear,"Dark, artificial",Wet,Non-Fatal Injury,Approaching,Passenger,25 to 29,Minor,Greenwood-Coxwell
16914,2021-02-01 10:00:00,2550 PICKERING TOWN  LINE,,Scarborough,43.847045,-79.166507,No Control,Clear,Dusk,Dry,Non-Fatal Injury,SMV Other,Driver,20 to 24,Major,Morningside Heights
16915,2021-02-04 10:00:00,DOWNSVIEW PARK  BLVD,KEELE ST,North York,43.736876,-79.484515,Traffic Signal,Clear,"Daylight, artificial",Dry,Non-Fatal Injury,Pedestrian Collisions,Driver,25 to 29,,Downsview
16916,2021-02-04 10:00:00,DOWNSVIEW PARK  BLVD,KEELE ST,North York,43.736876,-79.484515,Traffic Signal,Clear,"Daylight, artificial",Dry,Non-Fatal Injury,Pedestrian Collisions,Pedestrian,65 to 69,Major,Downsview
16917,2021-02-04 10:00:00,2330 KENNEDY RD,,Scarborough,43.784159,-79.288745,No Control,Clear,Dawn,Dry,Non-Fatal Injury,Pedestrian Collisions,Driver,70 to 74,,Tam O'Shanter-Sullivan
16918,2021-02-04 10:00:00,2330 KENNEDY RD,,Scarborough,43.784159,-79.288745,No Control,Clear,Dawn,Dry,Non-Fatal Injury,Pedestrian Collisions,Passenger,60 to 64,,Tam O'Shanter-Sullivan
16919,2021-02-04 10:00:00,2330 KENNEDY RD,,Scarborough,43.784159,-79.288745,No Control,Clear,Dawn,Dry,Non-Fatal Injury,Pedestrian Collisions,Pedestrian,55 to 59,Major,Tam O'Shanter-Sullivan
16920,2021-02-05 10:00:00,54 THORNCLIFFE PARK  DR,,North York,43.704459,-79.341594,No Control,Clear,Daylight,Dry,Non-Fatal Injury,Angle,Driver,65 to 69,,Thorncliffe Park
16921,2021-02-05 10:00:00,54 THORNCLIFFE PARK  DR,,North York,43.704459,-79.341594,No Control,Clear,Daylight,Dry,Non-Fatal Injury,Angle,Driver,30 to 34,,Thorncliffe Park
16922,2021-02-05 10:00:00,54 THORNCLIFFE PARK  DR,,North York,43.704459,-79.341594,No Control,Clear,Daylight,Dry,Non-Fatal Injury,Angle,Passenger,55 to 59,,Thorncliffe Park
16923,2021-02-05 10:00:00,54 THORNCLIFFE PARK  DR,,North York,43.704459,-79.341594,No Control,Clear,Daylight,Dry,Non-Fatal Injury,Angle,Passenger,30 to 34,Major,Thorncliffe Park
16924,2021-02-08 10:00:00,RENFORTH  DR,CONVAIR  DR,Etobicoke York,43.672118,-79.593257,Traffic Signal,Clear,Daylight,Dry,Non-Fatal Injury,Angle,Driver,65 to 69,Minor,NSA
16925,2021-02-08 10:00:00,RENFORTH  DR,CONVAIR  DR,Etobicoke York,43.672118,-79.593257,Traffic Signal,Clear,Daylight,Dry,Non-Fatal Injury,Angle,Driver,50 to 54,Major,NSA
16926,2021-02-09 10:00:00,DIXON RD,CARLINGVIEW DR,Etobicoke York,43.686686,-79.595523,Traffic Signal,Clear,"Dark, artificial",Dry,Non-Fatal Injury,Angle,Driver,45 to 49,Major,West Humber-Clairville
16927,2021-02-09 10:00:00,DIXON RD,CARLINGVIEW DR,Etobicoke York,43.686686,-79.595523,Traffic Signal,Clear,"Dark, artificial",Dry,Non-Fatal Injury,Angle,Driver,60 to 64,,West Humber-Clairville
16928,2021-02-11 10:00:00,DUNDAS ST W,EAST MALL  CRES,Etobicoke York,43.630305,-79.549777,Traffic Signal,Clear,Daylight,Dry,Non-Fatal Injury,Pedestrian Collisions,Driver,60 to 64,,Etobicoke City Centre
16929,2021-02-11 10:00:00,DUNDAS ST W,EAST MALL  CRES,Etobicoke York,43.630305,-79.549777,Traffic Signal,Clear,Daylight,Dry,Non-Fatal Injury,Pedestrian Collisions,Pedestrian,45 to 49,Major,Etobicoke City Centre
16930,2021-02-12 10:00:00,65 SHORNCLIFFE RD,LOCKPORT AVE,Etobicoke York,43.627532,-79.542835,No Control,Clear,"Dark, artificial",Dry,Non-Fatal Injury,SMV Other,Driver,20 to 24,Major,Etobicoke City Centre
16931,2021-02-12 10:00:00,65 SHORNCLIFFE RD,LOCKPORT AVE,Etobicoke York,43.627532,-79.542835,No Control,Clear,"Dark, artificial",Dry,Non-Fatal Injury,SMV Other,Passenger,20 to 24,Minor,Etobicoke City Centre
16932,2021-02-13 10:00:00,MIDLAND  AVE,BENJAMIN BLVD,Scarborough,43.732051,-79.257068,No Control,Snow,Dark,Ice,Non-Fatal Injury,SMV Other,Driver,35 to 39,Minor,Kennedy Park
16933,2021-02-13 10:00:00,MIDLAND  AVE,BENJAMIN BLVD,Scarborough,43.732051,-79.257068,No Control,Snow,Dark,Ice,Non-Fatal Injury,SMV Other,Passenger,30 to 34,Minor,Kennedy Park
16934,2021-02-13 10:00:00,MIDLAND  AVE,BENJAMIN BLVD,Scarborough,43.732051,-79.257068,No Control,Snow,Dark,Ice,Non-Fatal Injury,SMV Other,Passenger,35 to 39,Minor,Kennedy Park
16935,2021-02-13 10:00:00,MIDLAND  AVE,BENJAMIN BLVD,Scarborough,43.732051,-79.257068,No Control,Snow,Dark,Ice,Non-Fatal Injury,SMV Other,Passenger,20 to 24,Major,Kennedy Park
16936,2021-02-14 10:00:00,STEELES AVE W,DUFFERIN  ST,North York,43.787211,-79.470042,Traffic Signal,Clear,"Dark, artificial",Dry,Non-Fatal Injury,Angle,Driver,50 to 54,Major,Bathurst Manor
16937,2021-02-14 10:00:00,STEELES AVE W,DUFFERIN  ST,North York,43.787211,-79.470042,Traffic Signal,Clear,"Dark, artificial",Dry,Non-Fatal Injury,Angle,Driver,40 to 44,,Bathurst Manor
16938,2021-02-14 10:00:00,STEELES AVE W,DUFFERIN  ST,North York,43.787211,-79.470042,Traffic Signal,Clear,"Dark, artificial",Dry,Non-Fatal Injury,Angle,Passenger,60 to 64,,Bathurst Manor