,DATE,STREET1,STREET2,DISTRICT,LATITUDE,LONGITUDE,TRAFFCTL,VISIBILITY,LIGHT,RDSFCOND,ACCLASS,IMPACTYPE,INVTYPE,INVAGE,INJURY,NEIGHBOURHOOD_158
17055,2021-05-12 08:00:00,LAWRENCE AVE E,STARSPRAY BLVD,Scarborough,43.788428,-79.122974,No Control,Clear,Daylight,Dry,Non-Fatal Injury,Pedestrian Collisions,Driver,60 to 64,,West Rouge
17056,2021-05-12 08:00:00,LAWRENCE AVE E,STARSPRAY BLVD,Scarborough,43.788428,-79.122974,No Control,Clear,Daylight,Dry,Non-Fatal Injury,Pedestrian Collisions,Pedestrian,70 to 74,Major,West Rouge
17057,2021-05-12 08:00:00,1190 WESTON  RD,,Etobicoke York,43.687628,-79.491267,No Control,Clear,Daylight,Dry,Non-Fatal Injury,Pedestrian Collisions,Driver,25 to 29,,Mount Dennis
17058,2021-05-12 08:00:00,1190 WESTON  RD,,Etobicoke York,43.687628,-79.491267,No Control,Clear,Daylight,Dry,Non-Fatal Injury,Pedestrian Collisions,Pedestrian,80 to 84,Major,Mount Dennis
17059,2021-05-12 08:00:00,DON VALLEY PARKWAY  N,EGLINTON AVE E,North York,43.722068,-79.329791,No Control,Clear,Daylight,Dry,Non-Fatal Injury,Rear End,Driver,20 to 24,Minimal,Flemingdon Park
17060,2021-05-12 08:00:00,DON VALLEY PARKWAY  N,EGLINTON AVE E,North York,43.722068,-79.329791,No Control,Clear,Daylight,Dry,Non-Fatal Injury,Rear End,Driver,55 to 59,,Flemingdon Park
17061,2021-05-12 08:00:00,DON VALLEY PARKWAY  N,EGLINTON AVE E,North York,43.722068,-79.329791,No Control,Clear,Daylight,Dry,Non-Fatal Injury,Rear End,Driver,20 to 24,Major,Flemingdon Park
17062,2021-05-12 08:00:00,DON VALLEY PARKWAY  N,EGLINTON AVE E,North York,43.722068,-79.329791,No Control,Clear,Daylight,Dry,Non-Fatal Injury,Rear End,Passenger,20 to 24,,Flemingdon Park
17063,2021-05-12 08:00:00,QUEEN ST E,MACLEAN AVE,Toronto and East York,43.671855,-79.290973,No Control,Clear,"Dark, artificial",Dry,Non-Fatal Injury,Sideswipe,Driver,40 to 44,Minor,The Beaches
17064,2021-05-12 08:00:00,QUEEN ST E,MACLEAN AVE,Toronto and East York,43.671855,-79.290973,No Control,Clear,"Dark, artificial",Dry,Non-Fatal Injury,Sideswipe,Driver,30 to 34,,The Beaches
17065,2021-05-12 08:00:00,QUEEN ST E,MACLEAN AVE,Toronto and East York,43.671855,-79.290973,No Control,Clear,"Dark, artificial",Dry,Non-Fatal Injury,Sideswipe,Passenger,30 to 34,Major,The Beaches
17066,2021-05-13 08:00:00,ATTWELL DR,BELFIELD  RD,Etobicoke York,43.697772,-79.593143,Traffic Signal,Clear,Daylight,Dry,Non-Fatal Injury,Turning Movement,Driver,45 to 49,,West Humber-Clairville
17067,2021-05-13 08:00:00,ATTWELL DR,BELFIELD  RD,Etobicoke York,43.697772,-79.593143,Traffic Signal,Clear,Daylight,Dry,Non-Fatal Injury,Turning Movement,Motorcycle Driver,60 to 64,Major,West Humber-Clairville
17068,2021-05-13 08:00:00,SIXTH ST,BIRMINGHAM  ST,Etobicoke York,43.603434,-79.505153,No Control,Clear,Daylight,Dry,Non-Fatal Injury,Angle,Motorcycle Driver,45 to 49,Major,New Toronto
17069,2021-05-13 08:00:00,SIXTH ST,BIRMINGHAM  ST,Etobicoke York,43.603434,-79.505153,No Control,Clear,Daylight,Dry,Non-Fatal Injury,Angle,Motorcycle Passenger,30 to 34,Minor,New Toronto
17070,2021-05-13 08:00:00,GRAVENHURST AVE,CHALKFARM DR,Etobicoke York,43.727954,-79.513789,Stop Sign,Clear,"Dark, artificial",Dry,Non-Fatal Injury,SMV Other,Motorcycle Driver,40 to 44,Major,Oakdale-Beverley Heights
17071,2021-05-16 08:00:00,F G GARDINER C  E,GARDINER E PARK LAWN RAMP RD,Etobicoke York,43.621478,-79.505779,No Control,Clear,Daylight,Dry,Non-Fatal Injury,SMV Other,Driver,70 to 74,Major,Mimico-Queensway
17072,2021-05-16 08:00:00,F G GARDINER C  E,GARDINER E PARK LAWN RAMP RD,Etobicoke York,43.621478,-79.505779,No Control,Clear,Daylight,Dry,Non-Fatal Injury,SMV Other,Passenger,70 to 74,Minor,Mimico-Queensway
17073,2021-05-17 08:00:00,YONGE ST,401 C E YONGE N RAMP ST,North York,43.749819,-79.408077,No Control,Clear,Daylight,Dry,Non-Fatal Injury,Cyclist Collisions,Driver,55 to 59,,St.Andrew-Windfields
17074,2021-05-17 08:00:00,YONGE ST,401 C E YONGE N RAMP ST,North York,43.749819,-79.408077,No Control,Clear,Daylight,Dry,Non-Fatal Injury,Cyclist Collisions,Cyclist,35 to 39,Major,St.Andrew-Windfields
17075,2021-05-17 08:00:00,BAYVIEW AVE,FINCH AVE E,North York,43.784564,-79.392055,No Control,Clear,"Dark, artificial",Dry,Non-Fatal Injury,Approaching,Driver,40 to 44,Major,Bayview Village
17076,2021-05-17 08:00:00,BAYVIEW AVE,FINCH AVE E,North York,43.784564,-79.392055,No Control,Clear,"Dark, artificial",Dry,Non-Fatal Injury,Approaching,Driver,40 to 44,,Bayview Village
17077,2021-05-19 08:00:00,8 FRASERWOOD AVE,,North York,43.713919,-79.438205,No Control,Clear,Daylight,Dry,Non-Fatal Injury,Pedestrian Collisions,Driver,45 to 49,,Englemount-Lawrence
17078,2021-05-19 08:00:00,8 FRASERWOOD AVE,,North York,43.713919,-79.438205,No Control,Clear,Daylight,Dry,Non-Fatal Injury,Pedestrian Collisions,Passenger,50 to 54,,Englemount-Lawrence
17079,2021-05-19 08:00:00,8 FRASERWOOD AVE,,North York,43.713919,-79.438205,No Control,Clear,Daylight,Dry,Non-Fatal Injury,Pedestrian Collisions,Passenger,0 to 4,,Englemount-Lawrence
17080,2021-05-19 08:00:00,8 FRASERWOOD AVE,,North York,43.713919,-79.438205,No Control,Clear,Daylight,Dry,Non-Fatal Injury,Pedestrian Collisions,Passenger,0 to 4,,Englemount-Lawrence
17081,2021-05-19 08:00:00,8 FRASERWOOD AVE,,North York,43.713919,-79.438205,No Control,Clear,Daylight,Dry,Non-Fatal Injury,Pedestrian Collisions,Pedestrian,5 to 9,Major,Englemount-Lawrence
17082,2021-05-20 08:00:00,KINGSTON RD,DORSET RD,Scarborough,43.724314,-79.233272,No Control,Clear,Daylight,Dry,Fatal,Pedestrian Collisions,Wheelchair,65 to 69,Fatal,Cliffcrest
17083,2021-05-20 08:00:00,KINGSTON RD,DORSET RD,Scarborough,43.724314,-79.233272,No Control,Clear,Daylight,Dry,Fatal,Pedestrian Collisions,Driver,30 to 34,,Cliffcrest
17084,2021-05-20 08:00:00,MCKEE  AVE,KENNETH AVE,North York,43.773627,-79.409442,Stop Sign,Clear,Daylight,Dry,Non-Fatal Injury,Pedestrian Collisions,Driver,35 to 39,Minimal,East Willowdale
17085,2021-05-20 08:00:00,MCKEE  AVE,KENNETH AVE,North York,43.773627,-79.409442,Stop Sign,Clear,Daylight,Dry,Non-Fatal Injury,Pedestrian Collisions,Pedestrian,40 to 44,Major,East Willowdale
17086,2021-05-20 08:00:00,BLOOR ST W,JANE ST,Etobicoke York,43.64926,-79.484439,Traffic Signal,Clear,"Dark, artificial",Dry,Non-Fatal Injury,SMV Other,Motorcycle Driver,50 to 54,Major,High Park-Swansea
17087,2021-05-21 08:00:00,DUNDAS ST E,SHERBOURNE ST,Toronto and East York,43.658202,-79.371028,No Control,Clear,"Dark, artificial",Dry,Fatal,Pedestrian Collisions,Pedestrian,55 to 59,Fatal,Moss Park
17088,2021-05-21 08:00:00,DUNDAS ST E,SHERBOURNE ST,Toronto and East York,43.658202,-79.371028,No Control,Clear,"Dark, artificial",Dry,Fatal,Pedestrian Collisions,Driver,20 to 24,,Moss Park
17089,2021-05-22 08:00:00,EASTERN AVE,COXWELL AVE,Toronto and East York,43.665419,-79.31618,Traffic Signal,Clear,"Dark, artificial",Dry,Non-Fatal Injury,Pedestrian Collisions,Driver,65 to 69,,The Beaches
17090,2021-05-22 08:00:00,EASTERN AVE,COXWELL AVE,Toronto and East York,43.665419,-79.31618,Traffic Signal,Clear,"Dark, artificial",Dry,Non-Fatal Injury,Pedestrian Collisions,Pedestrian,10 to 14,Major,The Beaches
17091,2021-05-22 08:00:00,DON MILLS RD,GATEWAY   BLVD,North York,43.714331,-79.336314,Traffic Signal,Clear,"Dark, artificial",Dry,Non-Fatal Injury,Pedestrian Collisions,Driver,15 to 19,,Flemingdon Park
17092,2021-05-22 08:00:00,DON MILLS RD,GATEWAY   BLVD,North York,43.714331,-79.336314,Traffic Signal,Clear,"Dark, artificial",Dry,Non-Fatal Injury,Pedestrian Collisions,Passenger,20 to 24,,Flemingdon Park
17093,2021-05-22 08:00:00,DON MILLS RD,GATEWAY   BLVD,North York,43.714331,-79.336314,Traffic Signal,Clear,"Dark, artificial",Dry,Non-Fatal Injury,Pedestrian Collisions,Pedestrian,15 to 19,Major,Flemingdon Park
17094,2021-05-23 08:00:00,1418 QUEEN ST W,,Toronto and East York,43.640879,-79.434825,No Control,Clear,Daylight,Dry,Non-Fatal Injury,Pedestrian Collisions,Driver,25 to 29,,South Parkdale
17095,2021-05-23 08:00:00,1418 QUEEN ST W,,Toronto and East York,43.640879,-79.434825,No Control,Clear,Daylight,Dry,Non-Fatal Injury,Pedestrian Collisions,Pedestrian,45 to 49,Major,South Parkdale
17096,2021-05-24 08:00:00,DUFFERIN  ST,ST CLAIR AVE W,Toronto and East York,43.67789,-79.443042,Traffic Signal,Clear,Daylight,Dry,Non-Fatal Injury,Pedestrian Collisions,Driver,50 to 54,,Corso Italia-Davenport
17097,2021-05-24 08:00:00,DUFFERIN  ST,ST CLAIR AVE W,Toronto and East York,43.67789,-79.443042,Traffic Signal,Clear,Daylight,Dry,Non-Fatal Injury,Pedestrian Collisions,Pedestrian,15 to 19,Major,Corso Italia-Davenport
17098,2021-05-25 08:00:00,QUEENS PARK CRES E,QUEENS PARK,Toronto and East York,43.661261,-79.389972,No Control,Clear,Daylight,Dry,Non-Fatal Injury,Other,Driver,40 to 44,,Bay-Cloverhill
17099,2021-05-25 08:00:00,QUEENS PARK CRES E,QUEENS PARK,Toronto and East York,43.661261,-79.389972,No Control,Clear,Daylight,Dry,Non-Fatal Injury,Other,Passenger,70 to 74,Major,Bay-Cloverhill
17100,2021-05-26 08:00:00,818 HUNTINGWOOD DR,,Scarborough,43.79373,-79.296428,No Control,Clear,Daylight,Dry,Non-Fatal Injury,Cyclist Collisions,Cyclist,20 to 24,Major,Tam O'Shanter-Sullivan
17101,2021-05-27 08:00:00,44 RUSSELL HILL RD,,Toronto and East York,43.681243,-79.404117,No Control,Clear,Daylight,Dry,Non-Fatal Injury,Cyclist Collisions,Driver,70 to 74,,Casa Loma
17102,2021-05-27 08:00:00,44 RUSSELL HILL RD,,Toronto and East York,43.681243,-79.404117,No Control,Clear,Daylight,Dry,Non-Fatal Injury,Cyclist Collisions,Cyclist,30 to 34,Major,Casa Loma
17103,2021-05-28 08:00:00,2043 DUNDAS ST W,,Toronto and East York,43.651698,-79.4472,No Control,Clear,"Dark, artificial",Dry,Non-Fatal Injury,SMV Unattended Vehicle,Driver,15 to 19,Minor,Roncesvalles
17104,2021-05-28 08:00:00,2043 DUNDAS ST W,,Toronto and East York,43.651698,-79.4472,No Control,Clear,"Dark, artificial",Dry,Non-Fatal Injury,SMV Unattended Vehicle,Other,unknown,,Roncesvalles
17105,2021-05-28 08:00:00,2043 DUNDAS ST W,,Toronto and East York,43.651698,-79.4472,No Control,Clear,"Dark, artificial",Dry,Non-Fatal Injury,SMV Unattended Vehicle,Passenger,20 to 24,Major,Roncesvalles
17106,2021-05-29 08:00:00,CITY VIEW DR,DIXON  RD,Etobicoke York,43.690154,-79.579425,No Control,Clear,Daylight,Dry,Non-Fatal Injury,SMV Other,Driver,30 to 34,Major,West Humber-Clairville
17107,2021-05-29 08:00:00,LAKE SHORE  BLVD W,YORK  ST,Toronto and East York,43.641387,-79.380832,Traffic Signal,Clear,"Dusk, artificial",Dry,Non-Fatal Injury,Pedestrian Collisions,Motorcycle Driver,35 to 39,Major,St Lawrence-East Bayfront-The Islands
17108,2021-05-29 08:00:00,LAKE SHORE  BLVD W,YORK  ST,Toronto and East York,43.641387,-79.380832,Traffic Signal,Clear,"Dusk, artificial",Dry,Non-Fatal Injury,Pedestrian Collisions,Pedestrian,25 to 29,Major,St Lawrence-East Bayfront-The Islands
17109,2021-05-30 08:00:00,SHEPPARD AVE W,WILLIAM R ALLEN RD,North York,43.750178,-79.463344,Traffic Signal,Clear,"Dark, artificial",Dry,Non-Fatal Injury,SMV Other,Driver,35 to 39,Major,Downsview
17110,2021-05-30 08:00:00,BLOOR  ST W,GLENDONWYNNE RD,Etobicoke York,43.651698,-79.473323,No Control,Clear,Daylight,Dry,Non-Fatal Injury,Pedestrian Collisions,Driver,15 to 19,,High Park-Swansea
17111,2021-05-30 08:00:00,BLOOR  ST W,GLENDONWYNNE RD,Etobicoke York,43.651698,-79.473323,No Control,Clear,Daylight,Dry,Non-Fatal Injury,Pedestrian Collisions,Passenger,15 to 19,,High Park-Swansea
17112,2021-05-30 08:00:00,BLOOR  ST W,GLENDONWYNNE RD,Etobicoke York,43.651698,-79.473323,No Control,Clear,Daylight,Dry,Non-Fatal Injury,Pedestrian Collisions,Pedestrian,65 to 69,Major,High Park-Swansea
17113,2021-05-30 08:00:00,LAING ST,QUEEN ST E,Toronto and East York,43.663836,-79.327312,Stop Sign,Clear,Daylight,Dry,Non-Fatal Injury,Turning Movement,Driver,20 to 24,,Greenwood-Coxwell
17114,2021-05-30 08:00:00,LAING ST,QUEEN ST E,Toronto and East York,43.663836,-79.327312,Stop Sign,Clear,Daylight,Dry,Non-Fatal Injury,Turning Movement,Motorcycle Driver,40 to 44,Major,Greenwood-Coxwell
17115,2021-05-30 08:00:00,LAING ST,QUEEN ST E,Toronto and East York,43.663836,-79.327312,Stop Sign,Clear,Daylight,Dry,Non-Fatal Injury,Turning Movement,Passenger,40 to 44,,Greenwood-Coxwell
17116,2021-05-30 08:00:00,LAING ST,QUEEN ST E,Toronto and East York,43.663836,-79.327312,Stop Sign,Clear,Daylight,Dry,Non-Fatal Injury,Turning Movement,Passenger,20 to 24,,Greenwood-Coxwell
17117,2021-05-31 08:00:00,DON VALLEY PARKWAY  S,DON MILLS RD,North York,43.698252,-79.340442,No Control,Clear,"Dark, artificial",Dry,Fatal,SMV Other,Motorcycle Passenger,35 to 39,Fatal,Old East York
17118,2021-05-31 08:00:00,DON VALLEY PARKWAY  S,DON MILLS RD,North York,43.698252,-79.340442,No Control,Clear,"Dark, artificial",Dry,Fatal,SMV Other,Motorcycle Driver,35 to 39,Major,Old East York
17119,2021-05-31 08:00:00,DON VALLEY PARKWAY  S,DON MILLS RD,North York,43.698252,-79.340442,No Control,Clear,"Dark, artificial",Dry,Fatal,SMV Other,Motorcycle Driver,40 to 44,Major,Old East York
17120,2021-06-03 08:00:00,1651 ELLESMERE RD,,Scarborough,43.772353,-79.25027,Yield Sign,Clear,"Dark, artificial",Dry,Non-Fatal Injury,Turning Movement,Driver,20 to 24,,Woburn North
17121,2021-06-03 08:00:00,1651 ELLESMERE RD,,Scarborough,43.772353,-79.25027,Yield Sign,Clear,"Dark, artificial",Dry,Non-Fatal Injury,Turning Movement,Motorcycle Driver,15 to 19,Major,Woburn North
17122,2021-06-03 08:00:00,1651 ELLESMERE RD,,Scarborough,43.772353,-79.25027,Yield Sign,Clear,"Dark, artificial",Dry,Non-Fatal Injury,Turning Movement,Passenger,20 to 24,,Woburn North
17123,2021-06-03 08:00:00,1651 ELLESMERE RD,,Scarborough,43.772353,-79.25027,Yield Sign,Clear,"Dark, artificial",Dry,Non-Fatal Injury,Turning Movement,Passenger,20 to 24,,Woburn North
17124,2021-06-03 08:00:00,1651 ELLESMERE RD,,Scarborough,43.772353,-79.25027,Yield Sign,Clear,"Dark, artificial",Dry,Non-Fatal Injury,Turning Movement,Passenger,20 to 24,,Woburn North
17125,2021-06-04 08:00:00,SCARLETT  RD,EGLINTON  AVE W,Etobicoke York,43.68389,-79.511417,Traffic Controller,Clear,Daylight,Dry,Non-Fatal Injury,Cyclist Collisions,Driver,45 to 49,,Edenbridge-Humber Valley
17126,2021-06-04 08:00:00,SCARLETT  RD,EGLINTON  AVE W,Etobicoke York,43.68389,-79.511417,Traffic Controller,Clear,Daylight,Dry,Non-Fatal Injury,Cyclist Collisions,Cyclist,20 to 24,Major,Edenbridge-Humber Valley
17127,2021-06-05 08:00:00,PARLIAMENT  ST,RICHMOND  ST E,Toronto and East York,43.654486,-79.363986,Traffic Signal,Clear,Daylight,Dry,Non-Fatal Injury,Angle,Driver,40 to 44,Major,Moss Park
17128,2021-06-05 08:00:00,PARLIAMENT  ST,RICHMOND  ST E,Toronto and East York,43.654486,-79.363986,Traffic Signal,Clear,Daylight,Dry,Non-Fatal Injury,Angle,Driver,75 to 79,Major,Moss Park
17129,2021-06-05 08:00:00,PARK LAWN RD,LAKE SHORE BLVD W,Etobicoke York,43.622897,-79.481166,Traffic Signal,Clear,Daylight,Dry,Non-Fatal Injury,Turning Movement,Motorcycle Driver,30 to 34,Major,Humber Bay Shores
17130,2021-06-05 08:00:00,PARK LAWN RD,LAKE SHORE BLVD W,Etobicoke York,43.622897,-79.481166,Traffic Signal,Clear,Daylight,Dry,Non-Fatal Injury,Turning Movement,Truck Driver,20 to 24,,Humber Bay Shores
17131,2021-06-05 08:00:00,LAWRENCE  AVE E,RODDA BLVD,Scarborough,43.76734,-79.190624,No Control,Clear,"Dark, artificial",Dry,Non-Fatal Injury,Pedestrian Collisions,Driver,25 to 29,,West Hill
17132,2021-06-05 08:00:00,LAWRENCE  AVE E,RODDA BLVD,Scarborough,43.76734,-79.190624,No Control,Clear,"Dark, artificial",Dry,Non-Fatal Injury,Pedestrian Collisions,Pedestrian,30 to 34,Major,West Hill
17133,2021-06-05 08:00:00,LAWRENCE  AVE E,RODDA BLVD,Scarborough,43.76734,-79.190624,No Control,Clear,"Dark, artificial",Dry,Non-Fatal Injury,Pedestrian Collisions,Pedestrian,25 to 29,Major,West Hill
17134,2021-06-05 08:00:00,QUEEN ST W,BAY ST,Toronto and East York,43.65161,-79.382747,No Control,Clear,"Dark, artificial",Dry,Non-Fatal Injury,Rear End,Driver,15 to 19,,Yonge-Bay Corridor
17135,2021-06-05 08:00:00,QUEEN ST W,BAY ST,Toronto and East York,43.65161,-79.382747,No Control,Clear,"Dark, artificial",Dry,Non-Fatal Injury,Rear End,Motorcycle Driver,40 to 44,Minimal,Yonge-Bay Corridor
17136,2021-06-05 08:00:00,QUEEN ST W,BAY ST,Toronto and East York,43.65161,-79.382747,No Control,Clear,"Dark, artificial",Dry,Non-Fatal Injury,Rear End,Passenger,15 to 19,,Yonge-Bay Corridor
17137,2021-06-05 08:00:00,QUEEN ST W,BAY ST,Toronto and East York,43.65161,-79.382747,No Control,Clear,"Dark, artificial",Dry,Non-Fatal Injury,Rear End,Motorcycle Passenger,30 to 34,Major,Yonge-Bay Corridor
17138,2021-06-05 08:00:00,DON VALLEY PY S,EASTERN AVE DN,Toronto and East York,43.656638,-79.352527,Traffic Signal,Clear,"Dark, artificial",Loose Sand or Gravel,Non-Fatal Injury,SMV Other,Motorcycle Driver,20 to 24,Major,South Riverdale
17139,2021-06-05 08:00:00,DON VALLEY PY S,EASTERN AVE DN,Toronto and East York,43.656638,-79.352527,Traffic Signal,Clear,"Dark, artificial",Loose Sand or Gravel,Non-Fatal Injury,SMV Other,Driver,20 to 24,,South Riverdale
17140,2021-06-08 08:00:00,QUEEN  ST W,MANNING  AVE,Toronto and East York,43.646216,-79.408542,No Control,Clear,Daylight,Dry,Non-Fatal Injury,Pedestrian Collisions,Driver,25 to 29,,West Queen West
17141,2021-06-08 08:00:00,QUEEN  ST W,MANNING  AVE,Toronto and East York,43.646216,-79.408542,No Control,Clear,Daylight,Dry,Non-Fatal Injury,Pedestrian Collisions,Pedestrian,35 to 39,Major,West Queen West
17142,2021-06-08 08:00:00,WARDEN AVE,MCNICOLL AVE,Scarborough,43.809027,-79.322208,No Control,Clear,"Dark, artificial",Dry,Non-Fatal Injury,Pedestrian Collisions,Driver,60 to 64,,Steeles
17143,2021-06-08 08:00:00,WARDEN AVE,MCNICOLL AVE,Scarborough,43.809027,-79.322208,No Control,Clear,"Dark, artificial",Dry,Non-Fatal Injury,Pedestrian Collisions,Pedestrian,45 to 49,Major,Steeles
17144,2021-06-09 08:00:00,F G GARDINER XY  W,YORK ST,Toronto and East York,43.64173,-79.380687,No Control,Clear,Daylight,Dry,Non-Fatal Injury,SMV Other,Motorcycle Driver,35 to 39,Major,St Lawrence-East Bayfront-The Islands
17145,2021-06-13 08:00:00,VICTORIA PARK AVE,FINCH AVE E,Scarborough,43.793036,-79.331371,Traffic Signal,Clear,Daylight,Dry,Fatal,Pedestrian Collisions,Driver,unknown,,L'Amoreaux West
17146,2021-06-13 08:00:00,VICTORIA PARK AVE,FINCH AVE E,Scarborough,43.793036,-79.331371,Traffic Signal,Clear,Daylight,Dry,Fatal,Pedestrian Collisions,Pedestrian,65 to 69,Fatal,L'Amoreaux West
17147,2021-06-18 08:00:00,LAWRENCE  AVE W,WESTON RD,Etobicoke York,43.700087,-79.516155,No Control,Clear,Daylight,Dry,Non-Fatal Injury,Pedestrian Collisions,Driver,50 to 54,,Weston
17148,2021-06-18 08:00:00,LAWRENCE  AVE W,WESTON RD,Etobicoke York,43.700087,-79.516155,No Control,Clear,Daylight,Dry,Non-Fatal Injury,Pedestrian Collisions,Pedestrian,70 to 74,Major,Weston
17149,2021-06-18 08:00:00,720 ARROW RD,,North York,43.747069,-79.529887,No Control,Clear,Daylight,Dry,Fatal,Approaching,Motorcycle Driver,60 to 64,Fatal,Humbermede
17150,2021-06-18 08:00:00,720 ARROW RD,,North York,43.747069,-79.529887,No Control,Clear,Daylight,Dry,Fatal,Approaching,Driver,30 to 34,,Humbermede
17151,2021-06-18 08:00:00,720 ARROW RD,,North York,43.747069,-79.529887,No Control,Clear,Daylight,Dry,Fatal,Approaching,Driver,65 to 69,,Humbermede
17152,2021-06-19 08:00:00,FOREST MANOR  RD,PARKWAY FOREST  DR,North York,43.775,-79.343349,Stop Sign,Clear,Daylight,Dry,Non-Fatal Injury,Pedestrian Collisions,Driver,30 to 34,,Henry Farm
17153,2021-06-19 08:00:00,FOREST MANOR  RD,PARKWAY FOREST  DR,North York,43.775,-79.343349,Stop Sign,Clear,Daylight,Dry,Non-Fatal Injury,Pedestrian Collisions,Pedestrian,75 to 79,Major,Henry Farm
17154,2021-06-19 08:00:00,DAVISVILLE AV,MOUNT PLEASANT RD,Toronto and East York,43.700236,-79.38692,Traffic Signal,Clear,Daylight,Dry,Non-Fatal Injury,Pedestrian Collisions,Truck Driver,unknown,,Mount Pleasant East
17155,2021-06-19 08:00:00,DAVISVILLE AV,MOUNT PLEASANT RD,Toronto and East York,43.700236,-79.38692,Traffic Signal,Clear,Daylight,Dry,Non-Fatal Injury,Pedestrian Collisions,Pedestrian,20 to 24,Major,Mount Pleasant East
17156,2021-06-19 08:00:00,LAKE SHORE BLVD W,FORTY SECOND ST,Etobicoke York,43.589678,-79.545596,Stop Sign,Clear,"Dark, artificial",Dry,Fatal,Turning Movement,Driver,30 to 34,,Long Branch
17157,2021-06-19 08:00:00,LAKE SHORE BLVD W,FORTY SECOND ST,Etobicoke York,43.589678,-79.545596,Stop Sign,Clear,"Dark, artificial",Dry,Fatal,Turning Movement,Motorcycle Driver,35 to 39,Fatal,Long Branch
17158,2021-06-21 08:00:00,FINCH AVE E,KENNETH AVE,North York,43.780165,-79.413295,No Control,Clear,Daylight,Dry,Fatal,Rear End,Driver,75 to 79,Major,Yonge-Doris
17159,2021-06-21 08:00:00,FINCH AVE E,KENNETH AVE,North York,43.780165,-79.413295,No Control,Clear,Daylight,Dry,Fatal,Rear End,Driver,60 to 64,Minor,Yonge-Doris
17160,2021-06-21 08:00:00,FINCH AVE E,KENNETH AVE,North York,43.780165,-79.413295,No Control,Clear,Daylight,Dry,Fatal,Rear End,Passenger,75 to 79,Fatal,Yonge-Doris
17161,2021-06-21 08:00:00,FINCH AVE E,KENNETH AVE,North York,43.780165,-79.413295,No Control,Clear,Daylight,Dry,Fatal,Rear End,Passenger,60 to 64,Minor,Yonge-Doris
17162,2021-06-26 08:00:00,HUNTINGWOOD DR,COLINAYRE CRES,Scarborough,43.794505,-79.295528,No Control,Clear,Daylight,Dry,Fatal,SMV Other,Motorcycle Driver,55 to 59,Fatal,Tam O'Shanter-Sullivan
17163,2021-07-02 08:00:00,JANE  ST,WILSON  AVE,North York,43.720843,-79.508594,Traffic Signal,Clear,Daylight,Wet,Non-Fatal Injury,Pedestrian Collisions,Driver,30 to 34,,Oakdale-Beverley Heights
17164,2021-07-02 08:00:00,JANE  ST,WILSON  AVE,North York,43.720843,-79.508594,Traffic Signal,Clear,Daylight,Wet,Non-Fatal Injury,Pedestrian Collisions,Passenger,55 to 59,,Oakdale-Beverley Heights
17165,2021-07-02 08:00:00,JANE  ST,WILSON  AVE,North York,43.720843,-79.508594,Traffic Signal,Clear,Daylight,Wet,Non-Fatal Injury,Pedestrian Collisions,Pedestrian,60 to 64,Major,Oakdale-Beverley Heights
17166,2021-07-03 08:00:00,RIPLEY AV,SOUTH KINGSWAY,Toronto and East York,43.636767,-79.475078,Stop Sign,Clear,Daylight,Dry,Non-Fatal Injury,Turning Movement,Driver,55 to 59,,High Park-Swansea
17167,2021-07-03 08:00:00,RIPLEY AV,SOUTH KINGSWAY,Toronto and East York,43.636767,-79.475078,Stop Sign,Clear,Daylight,Dry,Non-Fatal Injury,Turning Movement,Motorcycle Driver,45 to 49,Major,High Park-Swansea
17168,2021-07-03 08:00:00,DON VALLEY PARKWAY  S,GERRARD ST E,Toronto and East York,43.662265,-79.355258,No Control,Clear,"Dark, artificial",Dry,Fatal,Pedestrian Collisions,Pedestrian,15 to 19,Fatal,South Riverdale
17169,2021-07-03 08:00:00,DON VALLEY PARKWAY  S,GERRARD ST E,Toronto and East York,43.662265,-79.355258,No Control,Clear,"Dark, artificial",Dry,Fatal,Pedestrian Collisions,Driver,60 to 64,,South Riverdale
17170,2021-07-04 08:00:00,KINGSTON RD,SHEPPARD AVE E,Scarborough,43.79885,-79.14619,Traffic Signal,Clear,"Dark, artificial",Dry,Fatal,Angle,Driver,20 to 24,Fatal,Centennial Scarborough
17171,2021-07-04 08:00:00,KINGSTON RD,SHEPPARD AVE E,Scarborough,43.79885,-79.14619,Traffic Signal,Clear,"Dark, artificial",Dry,Fatal,Angle,Driver,60 to 64,,Centennial Scarborough
17172,2021-07-04 08:00:00,SHEPPARD AVE W,WILLIAM R ALLEN RD,North York,43.750273,-79.465404,No Control,Clear,Dark,Dry,Fatal,SMV Other,Motorcycle Driver,30 to 34,Fatal,Downsview
17173,2021-07-06 08:00:00,GREENCEDAR CRCT,LAWRENCE  AVE E,Scarborough,43.758021,-79.233005,No Control,Clear,Daylight,Dry,Non-Fatal Injury,Pedestrian Collisions,Pedestrian,75 to 79,Major,Golfdale-Cedarbrae-Woburn