,DATE,STREET1,STREET2,DISTRICT,LATITUDE,LONGITUDE,TRAFFCTL,VISIBILITY,LIGHT,RDSFCOND,ACCLASS,IMPACTYPE,INVTYPE,INVAGE,INJURY,NEIGHBOURHOOD_158
17526,2021-12-26 10:00:00,YONGE ST,RICHMOND ST E,Toronto and East York,43.651618,-79.378948,Traffic Signal,Clear,Daylight,Dry,Fatal,Pedestrian Collisions,Driver,20 to 24,Minor,Downtown Yonge East
17527,2021-12-26 10:00:00,YONGE ST,RICHMOND ST E,Toronto and East York,43.651618,-79.378948,Traffic Signal,Clear,Daylight,Dry,Fatal,Pedestrian Collisions,Pedestrian,40 to 44,Minor,Downtown Yonge East
17528,2022-01-06 10:00:00,174 DELAWARE AVE,,Toronto and East York,43.660174,-79.427699,No Control,Clear,Daylight,Dry,Non-Fatal Injury,Pedestrian Collisions,Driver,30 to 34,,Palmerston-Little Italy
17529,2022-01-06 10:00:00,174 DELAWARE AVE,,Toronto and East York,43.660174,-79.427699,No Control,Clear,Daylight,Dry,Non-Fatal Injury,Pedestrian Collisions,Pedestrian,5 to 9,Major,Palmerston-Little Italy
17530,2022-01-06 10:00:00,LAWRENCE AVE E,BROCKLEY DR,Scarborough,43.751959,-79.262477,Traffic Signal,Clear,Dark,Dry,Fatal,Pedestrian Collisions,Passenger,20 to 24,,Bendale South
17531,2022-01-06 10:00:00,LAWRENCE AVE E,BROCKLEY DR,Scarborough,43.751959,-79.262477,Traffic Signal,Clear,Dark,Dry,Fatal,Pedestrian Collisions,Driver,20 to 24,,Bendale South
17532,2022-01-06 10:00:00,LAWRENCE AVE E,BROCKLEY DR,Scarborough,43.751959,-79.262477,Traffic Signal,Clear,Dark,Dry,Fatal,Pedestrian Collisions,Pedestrian,75 to 79,Fatal,Bendale South
17533,2022-01-07 10:00:00,DON VALLEY PARKWAY  N,LEASIDE BDGE,,43.697722,-79.348224,No Control,Clear,"Dark, artificial",Dry,Non-Fatal Injury,SMV Other,Driver,25 to 29,Major,Old East York
17534,2022-01-07 10:00:00,DON VALLEY PARKWAY  N,LEASIDE BDGE,,43.697722,-79.348224,No Control,Clear,"Dark, artificial",Dry,Non-Fatal Injury,SMV Other,Driver,25 to 29,,Old East York
17535,2022-01-07 10:00:00,DON VALLEY PARKWAY  N,LEASIDE BDGE,,43.697722,-79.348224,No Control,Clear,"Dark, artificial",Dry,Non-Fatal Injury,SMV Other,Driver,40 to 44,,Old East York
17536,2022-01-07 10:00:00,DON VALLEY PARKWAY  N,LEASIDE BDGE,,43.697722,-79.348224,No Control,Clear,"Dark, artificial",Dry,Non-Fatal Injury,SMV Other,Passenger,25 to 29,Major,Old East York
17537,2022-01-07 10:00:00,DON VALLEY PARKWAY  N,LEASIDE BDGE,,43.697722,-79.348224,No Control,Clear,"Dark, artificial",Dry,Non-Fatal Injury,SMV Other,Passenger,25 to 29,Major,Old East York
17538,2022-01-07 10:00:00,MIDDLEFIELD RD,STEELES AVE E,Scarborough,43.832621,-79.267932,Traffic Signal,Clear,Daylight,Dry,Non-Fatal Injury,Pedestrian Collisions,Driver,65 to 69,,Milliken
17539,2022-01-07 10:00:00,MIDDLEFIELD RD,STEELES AVE E,Scarborough,43.832621,-79.267932,Traffic Signal,Clear,Daylight,Dry,Non-Fatal Injury,Pedestrian Collisions,Pedestrian,50 to 54,Major,Milliken
17540,2022-01-13 10:00:00,WESTON RD,LANYARD RD,Etobicoke York,43.748164,-79.54156,Traffic Signal,Clear,"Dark, artificial",Dry,Non-Fatal Injury,Pedestrian Collisions,Driver,60 to 64,,Humbermede
17541,2022-01-13 10:00:00,WESTON RD,LANYARD RD,Etobicoke York,43.748164,-79.54156,Traffic Signal,Clear,"Dark, artificial",Dry,Non-Fatal Injury,Pedestrian Collisions,Pedestrian,55 to 59,Major,Humbermede
17542,2022-01-14 10:00:00,DAVENPORT RD,LANSDOWNE AVE,Toronto and East York,43.671485,-79.448261,Traffic Signal,Clear,Daylight,Dry,Non-Fatal Injury,Pedestrian Collisions,Driver,55 to 59,,Junction-Wallace Emerson
17543,2022-01-14 10:00:00,DAVENPORT RD,LANSDOWNE AVE,Toronto and East York,43.671485,-79.448261,Traffic Signal,Clear,Daylight,Dry,Non-Fatal Injury,Pedestrian Collisions,Pedestrian,75 to 79,Major,Junction-Wallace Emerson
17544,2022-01-20 10:00:00,VICTORIA PARK AVE,COMBERMERE DR,North York,43.755992,-79.314578,Traffic Signal,Clear,Daylight,Dry,Non-Fatal Injury,Rear End,Driver,20 to 24,Major,Wexford/Maryvale
17545,2022-01-20 10:00:00,VICTORIA PARK AVE,COMBERMERE DR,North York,43.755992,-79.314578,Traffic Signal,Clear,Daylight,Dry,Non-Fatal Injury,Rear End,Driver,60 to 64,,Wexford/Maryvale
17546,2022-01-20 10:00:00,VICTORIA PARK AVE,COMBERMERE DR,North York,43.755992,-79.314578,Traffic Signal,Clear,Daylight,Dry,Non-Fatal Injury,Rear End,Passenger,80 to 84,,Wexford/Maryvale
17547,2022-01-20 10:00:00,1875 STEELES AVE W,,North York,43.787585,-79.468059,No Control,Clear,"Dark, artificial",Dry,Property Damage O,Turning Movement,Driver,25 to 29,,Bathurst Manor
17548,2022-01-20 10:00:00,1875 STEELES AVE W,,North York,43.787585,-79.468059,No Control,Clear,"Dark, artificial",Dry,Property Damage O,Turning Movement,Driver,70 to 74,Major,Bathurst Manor
17549,2022-01-22 10:00:00,92 ASHRIDGE DR,,Scarborough,43.81531,-79.268764,No Control,Clear,"Dark, artificial",Packed Snow,Non-Fatal Injury,Pedestrian Collisions,Driver,unknown,,Agincourt North
17550,2022-01-22 10:00:00,92 ASHRIDGE DR,,Scarborough,43.81531,-79.268764,No Control,Clear,"Dark, artificial",Packed Snow,Non-Fatal Injury,Pedestrian Collisions,Pedestrian,90 to 94,Major,Agincourt North
17551,2022-01-22 10:00:00,WESTON RD,DEE AVE,Etobicoke York,43.711131,-79.535136,No Control,Clear,"Dark, artificial",Dry,Fatal,Pedestrian Collisions,Driver,30 to 34,,Pelmo Park-Humberlea
17552,2022-01-22 10:00:00,WESTON RD,DEE AVE,Etobicoke York,43.711131,-79.535136,No Control,Clear,"Dark, artificial",Dry,Fatal,Pedestrian Collisions,Pedestrian,50 to 54,Fatal,Pelmo Park-Humberlea
17553,2022-01-26 10:00:00,STEELES AV W,NORFINCH DR,,43.772772,-79.533733,No Control,Clear,Daylight,Dry,Non-Fatal Injury,Sideswipe,Driver,25 to 29,Major,Black Creek
17554,2022-01-26 10:00:00,STEELES AV W,NORFINCH DR,,43.772772,-79.533733,No Control,Clear,Daylight,Dry,Non-Fatal Injury,Sideswipe,Driver,50 to 54,,Black Creek
17555,2022-01-26 10:00:00,STEELES AV W,NORFINCH DR,,43.772772,-79.533733,No Control,Clear,Daylight,Dry,Non-Fatal Injury,Sideswipe,Driver,40 to 44,,Black Creek
17556,2022-01-26 10:00:00,STEELES AV W,NORFINCH DR,,43.772772,-79.533733,No Control,Clear,Daylight,Dry,Non-Fatal Injury,Sideswipe,Driver,50 to 54,,Black Creek
17557,2022-01-27 10:00:00,FINCH AVE W,ELANA DR,North York,43.756823,-79.519908,No Control,Clear,Daylight,Wet,Non-Fatal Injury,Pedestrian Collisions,Driver,35 to 39,,Glenfield-Jane Heights
17558,2022-01-27 10:00:00,FINCH AVE W,ELANA DR,North York,43.756823,-79.519908,No Control,Clear,Daylight,Wet,Non-Fatal Injury,Pedestrian Collisions,Pedestrian,45 to 49,Major,Glenfield-Jane Heights
17559,2022-01-28 10:00:00,THE QUEENSWAY,ISLINGTON AVE,Etobicoke York,43.623351,-79.515498,No Control,Clear,Daylight,Dry,Fatal,Pedestrian Collisions,Passenger,30 to 34,,Etobicoke City Centre
17560,2022-01-28 10:00:00,THE QUEENSWAY,ISLINGTON AVE,Etobicoke York,43.623351,-79.515498,No Control,Clear,Daylight,Dry,Fatal,Pedestrian Collisions,Driver,30 to 34,,Etobicoke City Centre
17561,2022-01-28 10:00:00,THE QUEENSWAY,ISLINGTON AVE,Etobicoke York,43.623351,-79.515498,No Control,Clear,Daylight,Dry,Fatal,Pedestrian Collisions,Pedestrian,80 to 84,Fatal,Etobicoke City Centre
17562,2022-01-30 10:00:00,GARDINER XWY W,STRACHAN AVE,Toronto and East York,43.636824,-79.414432,No Control,Clear,Daylight,Dry,Non-Fatal Injury,Rear End,Driver,35 to 39,Minor,Fort York-Liberty Village
17563,2022-01-30 10:00:00,GARDINER XWY W,STRACHAN AVE,Toronto and East York,43.636824,-79.414432,No Control,Clear,Daylight,Dry,Non-Fatal Injury,Rear End,Driver,35 to 39,Major,Fort York-Liberty Village
17564,2022-01-30 10:00:00,GARDINER XWY W,STRACHAN AVE,Toronto and East York,43.636824,-79.414432,No Control,Clear,Daylight,Dry,Non-Fatal Injury,Rear End,Passenger,30 to 34,Minimal,Fort York-Liberty Village
17565,2022-02-02 10:00:00,BATHURST ST,WOLSELEY ST,Toronto and East York,43.647952,-79.404285,No Control,Snow,Dark,Wet,Non-Fatal Injury,SMV Other,Driver,60 to 64,Major,Kensington-Chinatown
17566,2022-02-03 10:00:00,F G GARDINER XY  W,ROYAL YORK RD,Etobicoke York,43.622718,-79.501651,No Control,Clear,Daylight,Wet,Fatal,Rear End,Driver,25 to 29,Fatal,Mimico-Queensway
17567,2022-02-03 10:00:00,F G GARDINER XY  W,ROYAL YORK RD,Etobicoke York,43.622718,-79.501651,No Control,Clear,Daylight,Wet,Fatal,Rear End,Truck Driver,25 to 29,,Mimico-Queensway
17568,2022-02-03 10:00:00,JANE ST,DRIFTWOOD AVE,North York,43.765837,-79.519641,Traffic Signal,Drifting Snow,Dusk,Wet,Non-Fatal Injury,Pedestrian Collisions,Driver,50 to 54,,Black Creek
17569,2022-02-03 10:00:00,JANE ST,DRIFTWOOD AVE,North York,43.765837,-79.519641,Traffic Signal,Drifting Snow,Dusk,Wet,Non-Fatal Injury,Pedestrian Collisions,Pedestrian,65 to 69,Major,Black Creek
17570,2022-02-04 10:00:00,SHEPPARD AVE E,YONGE ST,North York,43.761584,-79.41006,No Control,Clear,Daylight,Slush,Non-Fatal Injury,Pedestrian Collisions,Driver,65 to 69,,Avondale
17571,2022-02-04 10:00:00,SHEPPARD AVE E,YONGE ST,North York,43.761584,-79.41006,No Control,Clear,Daylight,Slush,Non-Fatal Injury,Pedestrian Collisions,Pedestrian,80 to 84,Major,Avondale
17572,2022-02-08 10:00:00,BIRCHMOUNT ROAD,ZENITH DR,Scarborough,43.711009,-79.269771,Stop Sign,Clear,Dark,Dry,Non-Fatal Injury,Pedestrian Collisions,Driver,50 to 54,,Clairlea-Birchmount
17573,2022-02-08 10:00:00,BIRCHMOUNT ROAD,ZENITH DR,Scarborough,43.711009,-79.269771,Stop Sign,Clear,Dark,Dry,Non-Fatal Injury,Pedestrian Collisions,Pedestrian,30 to 34,Major,Clairlea-Birchmount
17574,2022-02-10 10:00:00,WILLIAM R ALLEN RD,TRANSIT RD,North York,43.741763,-79.45425,Traffic Signal,Clear,Daylight,Wet,Non-Fatal Injury,Turning Movement,Truck Driver,25 to 29,,Clanton Park
17575,2022-02-10 10:00:00,WILLIAM R ALLEN RD,TRANSIT RD,North York,43.741763,-79.45425,Traffic Signal,Clear,Daylight,Wet,Non-Fatal Injury,Turning Movement,Driver,65 to 69,Major,Clanton Park
17576,2022-02-10 10:00:00,YONGE ST,ERSKINE AVE,,43.711005,-79.399272,No Control,Clear,"Dark, artificial",Dry,Non-Fatal Injury,Pedestrian Collisions,Driver,30 to 34,,North Toronto
17577,2022-02-10 10:00:00,YONGE ST,ERSKINE AVE,,43.711005,-79.399272,No Control,Clear,"Dark, artificial",Dry,Non-Fatal Injury,Pedestrian Collisions,Passenger,35 to 39,,North Toronto
17578,2022-02-10 10:00:00,YONGE ST,ERSKINE AVE,,43.711005,-79.399272,No Control,Clear,"Dark, artificial",Dry,Non-Fatal Injury,Pedestrian Collisions,Pedestrian,60 to 64,Major,North Toronto
17579,2022-02-12 10:00:00,384 O CONNOR DR,,Toronto and East York,43.695937,-79.33755,No Control,Clear,"Dark, artificial",Dry,Non-Fatal Injury,Other,Driver,40 to 44,,Old East York
17580,2022-02-12 10:00:00,384 O CONNOR DR,,Toronto and East York,43.695937,-79.33755,No Control,Clear,"Dark, artificial",Dry,Non-Fatal Injury,Other,Passenger,65 to 69,Major,Old East York
17581,2022-02-18 10:00:00,BAY ST,COLLEGE ST,Etobicoke York,43.660742,-79.385814,Traffic Signal,Clear,Daylight,Wet,Fatal,Pedestrian Collisions,Pedestrian,80 to 84,Fatal,Yonge-Bay Corridor
17582,2022-02-18 10:00:00,BAY ST,COLLEGE ST,Etobicoke York,43.660742,-79.385814,Traffic Signal,Clear,Daylight,Wet,Fatal,Pedestrian Collisions,Driver,80 to 84,,Yonge-Bay Corridor
17583,2022-02-22 10:00:00,484 WILSON HEIGHTS BLVD,,North York,43.746848,-79.454181,No Control,Clear,"Dark, artificial",Wet,Non-Fatal Injury,SMV Other,Driver,25 to 29,Major,Downsview
17584,2022-02-25 10:00:00,BAYVIEW AV,DAVISVILLE AV,North York,43.702994,-79.374103,Traffic Signal,Snow,"Dark, artificial",Wet,Non-Fatal Injury,Pedestrian Collisions,Driver,50 to 54,,Leaside-Bennington
17585,2022-02-25 10:00:00,BAYVIEW AV,DAVISVILLE AV,North York,43.702994,-79.374103,Traffic Signal,Snow,"Dark, artificial",Wet,Non-Fatal Injury,Pedestrian Collisions,Pedestrian,45 to 49,Major,Leaside-Bennington
17586,2022-02-26 10:00:00,BURNHAMTHORPE RD,HIGHWAY 427 C N,Etobicoke York,43.645625,-79.562526,No Control,Clear,Daylight,Dry,Non-Fatal Injury,Cyclist Collisions,Driver,unknown,,Islington
17587,2022-02-26 10:00:00,BURNHAMTHORPE RD,HIGHWAY 427 C N,Etobicoke York,43.645625,-79.562526,No Control,Clear,Daylight,Dry,Non-Fatal Injury,Cyclist Collisions,Cyclist,60 to 64,Major,Islington
17588,2022-02-26 10:00:00,THE QUEENSWAY,SHERWAY GARDENS RD,Etobicoke York,43.614997,-79.552219,Traffic Signal,Clear,Daylight,Dry,Non-Fatal Injury,Pedestrian Collisions,Driver,40 to 44,,Etobicoke City Centre
17589,2022-02-26 10:00:00,THE QUEENSWAY,SHERWAY GARDENS RD,Etobicoke York,43.614997,-79.552219,Traffic Signal,Clear,Daylight,Dry,Non-Fatal Injury,Pedestrian Collisions,Pedestrian,65 to 69,Major,Etobicoke City Centre
17590,2022-02-27 10:00:00,YORE RD,KEELE ST,,43.691695,-79.474223,No Control,Clear,"Dark, artificial",Dry,Fatal,SMV Other,Driver,20 to 24,Fatal,Beechborough-Greenbrook
17591,2022-02-28 10:00:00,FINCH AVE E,MCCOWAN RD,Scarborough,43.807955,-79.266467,Traffic Signal,Clear,Daylight,Dry,Fatal,Pedestrian Collisions,Pedestrian,45 to 49,Fatal,Agincourt North
17592,2022-02-28 10:00:00,FINCH AVE E,MCCOWAN RD,Scarborough,43.807955,-79.266467,Traffic Signal,Clear,Daylight,Dry,Fatal,Pedestrian Collisions,Driver,45 to 49,,Agincourt North
17593,2022-03-05 10:00:00,BRIMORTON DR,MCCOWAN RD,Scarborough,43.765364,-79.248927,Traffic Signal,Clear,"Dark, artificial",Dry,Non-Fatal Injury,SMV Other,Driver,20 to 24,Major,Woburn North
17594,2022-03-05 10:00:00,BRIMORTON DR,MCCOWAN RD,Scarborough,43.765364,-79.248927,Traffic Signal,Clear,"Dark, artificial",Dry,Non-Fatal Injury,SMV Other,Passenger,20 to 24,,Woburn North
17595,2022-03-06 10:00:00,LAKE SHORE BLVD W,JAMESON AVE,,43.633368,-79.43645,No Control,Clear,Dark,Dry,Fatal,SMV Other,Passenger,15 to 19,Fatal,South Parkdale
17596,2022-03-06 10:00:00,LAKE SHORE BLVD W,JAMESON AVE,,43.633368,-79.43645,No Control,Clear,Dark,Dry,Fatal,SMV Other,Driver,30 to 34,Major,South Parkdale
17597,2022-03-06 10:00:00,DUNDAS ST E,BOND ST,Toronto and East York,43.656188,-79.378276,No Control,Clear,Daylight,Dry,Fatal,Pedestrian Collisions,Vehicle Owner,unknown,,Downtown Yonge East
17598,2022-03-06 10:00:00,DUNDAS ST E,BOND ST,Toronto and East York,43.656188,-79.378276,No Control,Clear,Daylight,Dry,Fatal,Pedestrian Collisions,Pedestrian,45 to 49,Fatal,Downtown Yonge East
17599,2022-03-06 10:00:00,DUNDAS ST E,BOND ST,Toronto and East York,43.656188,-79.378276,No Control,Clear,Daylight,Dry,Fatal,Pedestrian Collisions,Driver,55 to 59,,Downtown Yonge East
17600,2022-03-06 10:00:00,460 PAPE AVE,,Toronto and East York,43.671691,-79.341853,No Control,Clear,Dark,Dry,Non-Fatal Injury,Pedestrian Collisions,Driver,45 to 49,,Blake-Jones
17601,2022-03-06 10:00:00,460 PAPE AVE,,Toronto and East York,43.671691,-79.341853,No Control,Clear,Dark,Dry,Non-Fatal Injury,Pedestrian Collisions,Pedestrian,15 to 19,Major,Blake-Jones
17602,2022-03-07 10:00:00,145 STEELES AVE E,,North York,43.80054,-79.408313,No Control,Clear,"Dark, artificial",Dry,Non-Fatal Injury,Approaching,Driver,45 to 49,Minor,Newtonbrook East
17603,2022-03-07 10:00:00,145 STEELES AVE E,,North York,43.80054,-79.408313,No Control,Clear,"Dark, artificial",Dry,Non-Fatal Injury,Approaching,Driver,65 to 69,Major,Newtonbrook East
17604,2022-03-07 10:00:00,145 STEELES AVE E,,North York,43.80054,-79.408313,No Control,Clear,"Dark, artificial",Dry,Non-Fatal Injury,Approaching,Driver,55 to 59,Minor,Newtonbrook East
17605,2022-03-07 10:00:00,145 STEELES AVE E,,North York,43.80054,-79.408313,No Control,Clear,"Dark, artificial",Dry,Non-Fatal Injury,Approaching,Passenger,25 to 29,Minor,Newtonbrook East
17606,2022-03-07 10:00:00,BATHURST ST,JOICEY BLVD,North York,43.733817,-79.433131,Traffic Signal,Rain,Daylight,Wet,Non-Fatal Injury,Pedestrian Collisions,Driver,30 to 34,,Bedford Park-Nortown
17607,2022-03-07 10:00:00,BATHURST ST,JOICEY BLVD,North York,43.733817,-79.433131,Traffic Signal,Rain,Daylight,Wet,Non-Fatal Injury,Pedestrian Collisions,Pedestrian,80 to 84,Major,Bedford Park-Nortown
17608,2022-03-08 10:00:00,DUNDAS ST W,ANNETTE ST,North York,43.664412,-79.458736,Traffic Signal,Clear,Daylight,Dry,Non-Fatal Injury,Rear End,Driver,75 to 79,Major,Junction Area
17609,2022-03-08 10:00:00,DUNDAS ST W,ANNETTE ST,North York,43.664412,-79.458736,Traffic Signal,Clear,Daylight,Dry,Non-Fatal Injury,Rear End,Driver,65 to 69,Minor,Junction Area
17610,2022-03-08 10:00:00,DUNDAS ST W,ANNETTE ST,North York,43.664412,-79.458736,Traffic Signal,Clear,Daylight,Dry,Non-Fatal Injury,Rear End,Driver,unknown,,Junction Area
17611,2022-03-09 10:00:00,DANFORTH AVE,WOODBINE AVE,Toronto and East York,43.685603,-79.31274,Traffic Signal,Clear,Daylight,Dry,Non-Fatal Injury,Rear End,Truck Driver,45 to 49,Minimal,East End-Danforth
17612,2022-03-09 10:00:00,DANFORTH AVE,WOODBINE AVE,Toronto and East York,43.685603,-79.31274,Traffic Signal,Clear,Daylight,Dry,Non-Fatal Injury,Rear End,Driver,45 to 49,Major,East End-Danforth
17613,2022-03-09 10:00:00,WILSON AVENUE,CLAYSON ROAD,North York,43.717593,-79.522998,Traffic Signal,Clear,Daylight,Dry,Non-Fatal Injury,Turning Movement,Driver,70 to 74,Minimal,Oakdale-Beverley Heights
17614,2022-03-09 10:00:00,WILSON AVENUE,CLAYSON ROAD,North York,43.717593,-79.522998,Traffic Signal,Clear,Daylight,Dry,Non-Fatal Injury,Turning Movement,Motorcycle Driver,20 to 24,Major,Oakdale-Beverley Heights
17615,2022-03-11 10:00:00,MARKHAM RD,NASHDENE RD,Scarborough,43.820166,-79.24615,Traffic Signal,Clear,Daylight,Dry,Non-Fatal Injury,Pedestrian Collisions,Truck Driver,50 to 54,,Morningside Heights
17616,2022-03-11 10:00:00,MARKHAM RD,NASHDENE RD,Scarborough,43.820166,-79.24615,Traffic Signal,Clear,Daylight,Dry,Non-Fatal Injury,Pedestrian Collisions,Pedestrian,20 to 24,Major,Morningside Heights
17617,2022-03-13 09:00:00,RATHBURN RD,CENTENNIAL PARK ROAD,Etobicoke York,43.65053,-79.581714,No Control,Clear,"Dark, artificial",Dry,Non-Fatal Injury,SMV Other,Driver,35 to 39,Major,Eringate-Centennial-West Deane
17618,2022-03-16 08:00:00,15 THORNCLIFFE PARK DR,,North York,43.703654,-79.347598,No Control,"Fog, Mist, Smoke, Dust","Dark, artificial",Dry,Non-Fatal Injury,Pedestrian Collisions,Driver,20 to 24,,Thorncliffe Park
17619,2022-03-16 08:00:00,15 THORNCLIFFE PARK DR,,North York,43.703654,-79.347598,No Control,"Fog, Mist, Smoke, Dust","Dark, artificial",Dry,Non-Fatal Injury,Pedestrian Collisions,Pedestrian,75 to 79,Major,Thorncliffe Park
17620,2022-03-20 08:00:00,BATHURST ST,NIAGARA ST,Toronto and East York,43.641841,-79.401851,Traffic Signal,Rain,"Dark, artificial",Wet,Non-Fatal Injury,Pedestrian Collisions,Driver,30 to 34,,Wellington Place
17621,2022-03-20 08:00:00,BATHURST ST,NIAGARA ST,Toronto and East York,43.641841,-79.401851,Traffic Signal,Rain,"Dark, artificial",Wet,Non-Fatal Injury,Pedestrian Collisions,Pedestrian,25 to 29,Major,Wellington Place
17622,2022-03-20 08:00:00,BATHURST ST,NIAGARA ST,Toronto and East York,43.641841,-79.401851,Traffic Signal,Rain,"Dark, artificial",Wet,Non-Fatal Injury,Pedestrian Collisions,Pedestrian,15 to 19,Minimal,Wellington Place
17623,2022-03-20 08:00:00,BATHURST ST,NIAGARA ST,Toronto and East York,43.641841,-79.401851,Traffic Signal,Rain,"Dark, artificial",Wet,Non-Fatal Injury,Pedestrian Collisions,Passenger,30 to 34,,Wellington Place
17624,2022-03-20 08:00:00,BATHURST ST,NIAGARA ST,Toronto and East York,43.641841,-79.401851,Traffic Signal,Rain,"Dark, artificial",Wet,Non-Fatal Injury,Pedestrian Collisions,Passenger,30 to 34,,Wellington Place
17625,2022-03-23 08:00:00,YONGE ST,PATRICIA AVE,North York,43.790183,-79.418094,Traffic Signal,Rain,"Dark, artificial",Wet,Non-Fatal Injury,Turning Movement,Driver,65 to 69,Minimal,Newtonbrook East
17626,2022-03-23 08:00:00,YONGE ST,PATRICIA AVE,North York,43.790183,-79.418094,Traffic Signal,Rain,"Dark, artificial",Wet,Non-Fatal Injury,Turning Movement,Driver,35 to 39,Major,Newtonbrook East
17627,2022-03-23 08:00:00,YONGE ST,PATRICIA AVE,North York,43.790183,-79.418094,Traffic Signal,Rain,"Dark, artificial",Wet,Non-Fatal Injury,Turning Movement,Passenger,20 to 24,,Newtonbrook East
17628,2022-03-29 08:00:00,WILSON AVE,WENDELL AVE,Etobicoke York,43.716788,-79.52705,Traffic Signal,Clear,Daylight,Dry,Non-Fatal Injury,Cyclist Collisions,Driver,15 to 19,,Oakdale-Beverley Heights
17629,2022-03-29 08:00:00,WILSON AVE,WENDELL AVE,Etobicoke York,43.716788,-79.52705,Traffic Signal,Clear,Daylight,Dry,Non-Fatal Injury,Cyclist Collisions,Cyclist,55 to 59,Major,Oakdale-Beverley Heights
17630,2022-03-31 08:00:00,LAKE SHORE BLVD W,SUPERIOR AVE,Etobicoke York,43.614878,-79.48862,Traffic Signal,Clear,Daylight,Dry,Fatal,Pedestrian Collisions,Pedestrian,40 to 44,Fatal,Humber Bay Shores
17631,2022-03-31 08:00:00,LAKE SHORE BLVD W,SUPERIOR AVE,Etobicoke York,43.614878,-79.48862,Traffic Signal,Clear,Daylight,Dry,Fatal,Pedestrian Collisions,Driver,35 to 39,Fatal,Humber Bay Shores
17632,2022-03-31 08:00:00,LAKE SHORE BLVD W,SUPERIOR AVE,Etobicoke York,43.614878,-79.48862,Traffic Signal,Clear,Daylight,Dry,Fatal,Pedestrian Collisions,Pedestrian,75 to 79,Fatal,Humber Bay Shores
17633,2022-03-31 08:00:00,LAKE SHORE BLVD W,SUPERIOR AVE,Etobicoke York,43.614878,-79.48862,Traffic Signal,Clear,Daylight,Dry,Fatal,Pedestrian Collisions,Other,unknown,,Humber Bay Shores
17634,2022-03-31 08:00:00,LAKE SHORE BLVD W,SUPERIOR AVE,Etobicoke York,43.614878,-79.48862,Traffic Signal,Clear,Daylight,Dry,Fatal,Pedestrian Collisions,Other,unknown,,Humber Bay Shores
17635,2022-03-31 08:00:00,LAKE SHORE BLVD W,SUPERIOR AVE,Etobicoke York,43.614878,-79.48862,Traffic Signal,Clear,Daylight,Dry,Fatal,Pedestrian Collisions,Other,unknown,,Humber Bay Shores
17636,2022-03-31 08:00:00,LAKE SHORE BLVD W,SUPERIOR AVE,Etobicoke York,43.614878,-79.48862,Traffic Signal,Clear,Daylight,Dry,Fatal,Pedestrian Collisions,Other,unknown,,Humber Bay Shores
17637,2022-04-05 08:00:00,LANSDOWNE AVE,LAPPIN AVE,Etobicoke York,43.664824,-79.445697,No Control,Clear,"Dark, artificial",Dry,Fatal,Pedestrian Collisions,Pedestrian,45 to 49,Fatal,Junction-Wallace Emerson
17638,2022-04-05 08:00:00,LANSDOWNE AVE,LAPPIN AVE,Etobicoke York,43.664824,-79.445697,No Control,Clear,"Dark, artificial",Dry,Fatal,Pedestrian Collisions,Driver,40 to 44,,Junction-Wallace Emerson
17639,2022-04-05 08:00:00,FINCH AVE W,400 S FINCH E RAMP,Etobicoke York,43.753958,-79.532718,No Control,Clear,Daylight,Dry,Fatal,Pedestrian Collisions,Driver,35 to 39,,Humbermede
17640,2022-04-05 08:00:00,FINCH AVE W,400 S FINCH E RAMP,Etobicoke York,43.753958,-79.532718,No Control,Clear,Daylight,Dry,Fatal,Pedestrian Collisions,Pedestrian,60 to 64,Fatal,Humbermede
17641,2022-04-09 08:00:00,KNIGHTON DR,WYNDCLIFF CR,North York,43.737357,-79.31544,Stop Sign,Clear,"Dark, artificial",Dry,Non-Fatal Injury,SMV Other,Motorcycle Driver,15 to 19,Major,Victoria Village
17642,2022-04-11 08:00:00,22 BENTON RD,,,43.708949,-79.471324,No Control,Clear,Daylight,Dry,Non-Fatal Injury,SMV Other,Driver,15 to 19,Major,Brookhaven-Amesbury
17643,2022-04-12 08:00:00,DANFORTH RD,MACKINAC CR,Scarborough,43.749533,-79.244441,No Control,Clear,Dark,Dry,Non-Fatal Injury,Approaching,Driver,25 to 29,Minor,Bendale South
17644,2022-04-12 08:00:00,DANFORTH RD,MACKINAC CR,Scarborough,43.749533,-79.244441,No Control,Clear,Dark,Dry,Non-Fatal Injury,Approaching,Driver,35 to 39,Major,Bendale South
17645,2022-04-14 08:00:00,SPADINA AVE,KING ST W,Toronto and East York,43.644992,-79.394862,No Control,Rain,"Dark, artificial",Wet,Fatal,Pedestrian Collisions,Pedestrian,30 to 34,Fatal,Wellington Place
17646,2022-04-14 08:00:00,SPADINA AVE,KING ST W,Toronto and East York,43.644992,-79.394862,No Control,Rain,"Dark, artificial",Wet,Fatal,Pedestrian Collisions,Driver,unknown,,Wellington Place