,DATE,STREET1,STREET2,DISTRICT,LATITUDE,LONGITUDE,TRAFFCTL,VISIBILITY,LIGHT,RDSFCOND,ACCLASS,IMPACTYPE,INVTYPE,INVAGE,INJURY,NEIGHBOURHOOD_158
17884,2022-08-01 08:00:00,STEELES AVE E,SEWELLS RD,Scarborough,43.84653,-79.207355,No Control,Clear,Dark,Dry,Fatal,Approaching,Driver,40 to 44,Fatal,Morningside Heights
17885,2022-08-01 08:00:00,STEELES AVE E,SEWELLS RD,Scarborough,43.84653,-79.207355,No Control,Clear,Dark,Dry,Fatal,Approaching,Driver,20 to 24,Major,Morningside Heights
17886,2022-08-01 08:00:00,STEELES AVE E,SEWELLS RD,Scarborough,43.84653,-79.207355,No Control,Clear,Dark,Dry,Fatal,Approaching,Passenger,20 to 24,Minor,Morningside Heights
17887,2022-08-01 08:00:00,STEELES AVE E,SEWELLS RD,Scarborough,43.84653,-79.207355,No Control,Clear,Dark,Dry,Fatal,Approaching,Passenger,0 to 4,,Morningside Heights
17888,2022-08-01 08:00:00,STEELES AVE E,SEWELLS RD,Scarborough,43.84653,-79.207355,No Control,Clear,Dark,Dry,Fatal,Approaching,Passenger,30 to 34,,Morningside Heights
17889,2022-08-01 08:00:00,STEELES AVE E,SEWELLS RD,Scarborough,43.84653,-79.207355,No Control,Clear,Dark,Dry,Fatal,Approaching,Passenger,5 to 9,,Morningside Heights
17890,2022-08-01 08:00:00,STEELES AVE E,SEWELLS RD,Scarborough,43.84653,-79.207355,No Control,Clear,Dark,Dry,Fatal,Approaching,Driver,35 to 39,,Morningside Heights
17891,2022-08-03 08:00:00,JANE ST,ALLIANCE AVE,Toronto and East York,43.675166,-79.495258,No Control,Clear,"Dark, artificial",Dry,Non-Fatal Injury,Pedestrian Collisions,Driver,55 to 59,,Rockcliffe-Smythe
17892,2022-08-03 08:00:00,JANE ST,ALLIANCE AVE,Toronto and East York,43.675166,-79.495258,No Control,Clear,"Dark, artificial",Dry,Non-Fatal Injury,Pedestrian Collisions,Pedestrian,20 to 24,Major,Rockcliffe-Smythe
17893,2022-08-03 08:00:00,DEAUVILLE LANE,GRENOBLE DR,North York,43.716502,-79.330341,Stop Sign,Clear,Daylight,Dry,Non-Fatal Injury,Pedestrian Collisions,Driver,90 to 94,,Flemingdon Park
17894,2022-08-03 08:00:00,DEAUVILLE LANE,GRENOBLE DR,North York,43.716502,-79.330341,Stop Sign,Clear,Daylight,Dry,Non-Fatal Injury,Pedestrian Collisions,Pedestrian,40 to 44,Major,Flemingdon Park
17895,2022-08-03 08:00:00,ROYAL YORK RD,STANLEY AVE,Etobicoke York,43.614253,-79.497592,No Control,Clear,Daylight,Dry,Fatal,Pedestrian Collisions,Driver,35 to 39,,Mimico-Queensway
17896,2022-08-03 08:00:00,ROYAL YORK RD,STANLEY AVE,Etobicoke York,43.614253,-79.497592,No Control,Clear,Daylight,Dry,Fatal,Pedestrian Collisions,Pedestrian,85 to 89,Fatal,Mimico-Queensway
17897,2022-08-05 08:00:00,VICTORIA PARK AVE,SURREY AVE,Scarborough,43.736197,-79.307391,Traffic Signal,Clear,Daylight,Dry,Fatal,Turning Movement,Passenger,85 to 89,Fatal,Wexford/Maryvale
17898,2022-08-05 08:00:00,VICTORIA PARK AVE,SURREY AVE,Scarborough,43.736197,-79.307391,Traffic Signal,Clear,Daylight,Dry,Fatal,Turning Movement,Driver,25 to 29,Minor,Wexford/Maryvale
17899,2022-08-05 08:00:00,VICTORIA PARK AVE,SURREY AVE,Scarborough,43.736197,-79.307391,Traffic Signal,Clear,Daylight,Dry,Fatal,Turning Movement,Driver,70 to 74,Minor,Wexford/Maryvale
17900,2022-08-05 08:00:00,VICTORIA PARK AVE,SURREY AVE,Scarborough,43.736197,-79.307391,Traffic Signal,Clear,Daylight,Dry,Fatal,Turning Movement,Passenger,15 to 19,Minor,Wexford/Maryvale
17901,2022-08-05 08:00:00,DUPONT ST,OSSINGTON AVE,Etobicoke York,43.670024,-79.428989,Traffic Signal,Clear,Daylight,Dry,Property Damage O,Other,Driver,40 to 44,,Dovercourt Village
17902,2022-08-05 08:00:00,DUPONT ST,OSSINGTON AVE,Etobicoke York,43.670024,-79.428989,Traffic Signal,Clear,Daylight,Dry,Property Damage O,Other,Passenger,55 to 59,Major,Dovercourt Village
17903,2022-08-05 08:00:00,QUEEN  ST E,ORCHARD PARK BLVD,Toronto and East York,43.666957,-79.313518,No Control,Clear,"Dark, artificial",Dry,Non-Fatal Injury,Pedestrian Collisions,Driver,60 to 64,,The Beaches
17904,2022-08-05 08:00:00,QUEEN  ST E,ORCHARD PARK BLVD,Toronto and East York,43.666957,-79.313518,No Control,Clear,"Dark, artificial",Dry,Non-Fatal Injury,Pedestrian Collisions,Pedestrian,60 to 64,Major,The Beaches
17905,2022-08-06 08:00:00,ST CLAIR  AVE W,LAUGHTON  AVE,Etobicoke York,43.674651,-79.457607,Traffic Signal,Clear,"Dark, artificial",Dry,Non-Fatal Injury,Pedestrian Collisions,Driver,45 to 49,,Weston-Pelham Park
17906,2022-08-06 08:00:00,ST CLAIR  AVE W,LAUGHTON  AVE,Etobicoke York,43.674651,-79.457607,Traffic Signal,Clear,"Dark, artificial",Dry,Non-Fatal Injury,Pedestrian Collisions,Pedestrian,55 to 59,Major,Weston-Pelham Park
17907,2022-08-07 08:00:00,HIGHWAY 2A  E,HIGHLAND CREEK OVERPASS,Scarborough,43.784403,-79.165149,No Control,Clear,Dark,Dry,Fatal,Pedestrian Collisions,Driver,45 to 49,,Centennial Scarborough
17908,2022-08-07 08:00:00,HIGHWAY 2A  E,HIGHLAND CREEK OVERPASS,Scarborough,43.784403,-79.165149,No Control,Clear,Dark,Dry,Fatal,Pedestrian Collisions,Pedestrian,45 to 49,Fatal,Centennial Scarborough
17909,2022-08-07 08:00:00,KENNEDY RD,MERRIAN RD,Scarborough,43.727336,-79.26588,Traffic Signal,Clear,"Dark, artificial",Dry,Non-Fatal Injury,Pedestrian Collisions,Motorcycle Driver,30 to 34,Major,Kennedy Park
17910,2022-08-07 08:00:00,KENNEDY RD,MERRIAN RD,Scarborough,43.727336,-79.26588,Traffic Signal,Clear,"Dark, artificial",Dry,Non-Fatal Injury,Pedestrian Collisions,Pedestrian,60 to 64,Major,Kennedy Park
17911,2022-08-09 08:00:00,STEELES AVE W,BATHURST ST,North York,43.792338,-79.445712,Traffic Signal,Clear,Dark,Dry,Fatal,Rear End,Passenger,30 to 34,Fatal,Newtonbrook West
17912,2022-08-09 08:00:00,STEELES AVE W,BATHURST ST,North York,43.792338,-79.445712,Traffic Signal,Clear,Dark,Dry,Fatal,Rear End,Driver,20 to 24,Major,Newtonbrook West
17913,2022-08-09 08:00:00,STEELES AVE W,BATHURST ST,North York,43.792338,-79.445712,Traffic Signal,Clear,Dark,Dry,Fatal,Rear End,Driver,60 to 64,Major,Newtonbrook West
17914,2022-08-10 08:00:00,525 ELM ST,,Toronto and East York,43.655848,-79.391498,No Control,Clear,Daylight,Dry,Non-Fatal Injury,Pedestrian Collisions,Driver,25 to 29,,Kensington-Chinatown
17915,2022-08-10 08:00:00,525 ELM ST,,Toronto and East York,43.655848,-79.391498,No Control,Clear,Daylight,Dry,Non-Fatal Injury,Pedestrian Collisions,Pedestrian,30 to 34,Major,Kensington-Chinatown
17916,2022-08-10 08:00:00,MARTIN GROVE RD,STEELES AVE W,Etobicoke York,43.757792,-79.603336,No Control,Clear,Daylight,Dry,Non-Fatal Injury,Pedestrian Collisions,Driver,50 to 54,,West Humber-Clairville
17917,2022-08-10 08:00:00,MARTIN GROVE RD,STEELES AVE W,Etobicoke York,43.757792,-79.603336,No Control,Clear,Daylight,Dry,Non-Fatal Injury,Pedestrian Collisions,Pedestrian,60 to 64,Major,West Humber-Clairville
17918,2022-08-10 08:00:00,BLOOR ST W,JOPLING AVE S,Etobicoke York,43.640822,-79.539516,Stop Sign,Clear,Daylight,Dry,Fatal,Turning Movement,Motorcycle Driver,45 to 49,Fatal,Islington
17919,2022-08-10 08:00:00,BLOOR ST W,JOPLING AVE S,Etobicoke York,43.640822,-79.539516,Stop Sign,Clear,Daylight,Dry,Fatal,Turning Movement,Driver,90 to 94,,Islington
17920,2022-08-11 08:00:00,QUEEN ST E,YONGE ST,Toronto and East York,43.652369,-79.379222,Traffic Signal,Clear,Daylight,Dry,Non-Fatal Injury,Turning Movement,Truck Driver,50 to 54,,Downtown Yonge East
17921,2022-08-11 08:00:00,QUEEN ST E,YONGE ST,Toronto and East York,43.652369,-79.379222,Traffic Signal,Clear,Daylight,Dry,Non-Fatal Injury,Turning Movement,Motorcycle Driver,55 to 59,Major,Downtown Yonge East
17922,2022-08-12 08:00:00,DUFFERIN ST,GERRY FITZGERALD DR,North York,43.783106,-79.470119,No Control,Clear,"Dawn, artificial",Dry,Fatal,Approaching,Driver,30 to 34,Minor,Bathurst Manor
17923,2022-08-12 08:00:00,DUFFERIN ST,GERRY FITZGERALD DR,North York,43.783106,-79.470119,No Control,Clear,"Dawn, artificial",Dry,Fatal,Approaching,Driver,55 to 59,Fatal,Bathurst Manor
17924,2022-08-12 08:00:00,EGLINTON AVE E,DON VALLEY PKWY SOUTHBOUND RAM,North York,43.722975,-79.330417,No Control,Clear,Daylight,Dry,Non-Fatal Injury,Cyclist Collisions,Cyclist,20 to 24,Major,Flemingdon Park
17925,2022-08-12 08:00:00,EGLINTON AVE E,DON VALLEY PKWY SOUTHBOUND RAM,North York,43.722975,-79.330417,No Control,Clear,Daylight,Dry,Non-Fatal Injury,Cyclist Collisions,Driver,55 to 59,,Flemingdon Park
17926,2022-08-12 08:00:00,LAKE SHORE BLVD W [E/B],BRITISH COLUMBIA RD,Toronto and East York,43.631171,-79.429263,Traffic Signal,Clear,Daylight,Dry,Non-Fatal Injury,Pedestrian Collisions,Driver,40 to 44,,South Parkdale
17927,2022-08-12 08:00:00,LAKE SHORE BLVD W [E/B],BRITISH COLUMBIA RD,Toronto and East York,43.631171,-79.429263,Traffic Signal,Clear,Daylight,Dry,Non-Fatal Injury,Pedestrian Collisions,Pedestrian,30 to 34,Major,South Parkdale
17928,2022-08-13 08:00:00,672 KENNEDY RD,,Scarborough,43.726512,-79.265514,No Control,Clear,"Dark, artificial",Dry,Non-Fatal Injury,Rear End,Driver,25 to 29,,Kennedy Park
17929,2022-08-13 08:00:00,672 KENNEDY RD,,Scarborough,43.726512,-79.265514,No Control,Clear,"Dark, artificial",Dry,Non-Fatal Injury,Rear End,Driver,40 to 44,,Kennedy Park
17930,2022-08-13 08:00:00,672 KENNEDY RD,,Scarborough,43.726512,-79.265514,No Control,Clear,"Dark, artificial",Dry,Non-Fatal Injury,Rear End,Passenger,45 to 49,Major,Kennedy Park
17931,2022-08-13 08:00:00,672 KENNEDY RD,,Scarborough,43.726512,-79.265514,No Control,Clear,"Dark, artificial",Dry,Non-Fatal Injury,Rear End,Passenger,55 to 59,Minor,Kennedy Park
17932,2022-08-13 08:00:00,672 KENNEDY RD,,Scarborough,43.726512,-79.265514,No Control,Clear,"Dark, artificial",Dry,Non-Fatal Injury,Rear End,Passenger,40 to 44,,Kennedy Park
17933,2022-08-18 08:00:00,F G GARDINER XY  W,STRACHAN AVE,Toronto and East York,43.636424,-79.415782,No Control,Clear,"Dark, artificial",Dry,Non-Fatal Injury,Rear End,Motorcycle Driver,45 to 49,Major,Fort York-Liberty Village
17934,2022-08-18 08:00:00,F G GARDINER XY  W,STRACHAN AVE,Toronto and East York,43.636424,-79.415782,No Control,Clear,"Dark, artificial",Dry,Non-Fatal Injury,Rear End,Driver,25 to 29,,Fort York-Liberty Village
17935,2022-08-19 08:00:00,KEELE ST,SHEPPARD AVE W,North York,43.744704,-79.486408,Traffic Signal,Clear,"Dark, artificial",Dry,Non-Fatal Injury,Pedestrian Collisions,Truck Driver,55 to 59,,Downsview
17936,2022-08-19 08:00:00,KEELE ST,SHEPPARD AVE W,North York,43.744704,-79.486408,Traffic Signal,Clear,"Dark, artificial",Dry,Non-Fatal Injury,Pedestrian Collisions,Pedestrian,55 to 59,Major,Downsview
17937,2022-08-19 08:00:00,YONGE ST,CONNAUGHT AV,North York,43.789359,-79.417888,Stop Sign,Clear,Daylight,Dry,Non-Fatal Injury,Angle,Driver,55 to 59,,Newtonbrook East
17938,2022-08-19 08:00:00,YONGE ST,CONNAUGHT AV,North York,43.789359,-79.417888,Stop Sign,Clear,Daylight,Dry,Non-Fatal Injury,Angle,Driver,60 to 64,Major,Newtonbrook East
17939,2022-08-19 08:00:00,ROYAL YORK RD,STRATH HUMBER CRT,Etobicoke York,43.661727,-79.517726,Traffic Signal,Clear,Daylight,Dry,Non-Fatal Injury,Turning Movement,Driver,70 to 74,Major,Edenbridge-Humber Valley
17940,2022-08-19 08:00:00,ROYAL YORK RD,STRATH HUMBER CRT,Etobicoke York,43.661727,-79.517726,Traffic Signal,Clear,Daylight,Dry,Non-Fatal Injury,Turning Movement,Driver,45 to 49,,Edenbridge-Humber Valley
17941,2022-08-19 08:00:00,ROYAL YORK RD,STRATH HUMBER CRT,Etobicoke York,43.661727,-79.517726,Traffic Signal,Clear,Daylight,Dry,Non-Fatal Injury,Turning Movement,Driver,65 to 69,,Edenbridge-Humber Valley
17942,2022-08-19 08:00:00,ROYAL YORK RD,STRATH HUMBER CRT,Etobicoke York,43.661727,-79.517726,Traffic Signal,Clear,Daylight,Dry,Non-Fatal Injury,Turning Movement,Passenger,45 to 49,Minor,Edenbridge-Humber Valley
17943,2022-08-22 08:00:00,MEADOWVALE RD,SHEPPARD AVE E,Scarborough,43.807902,-79.170619,No Control,Clear,"Dusk, artificial",Wet,Non-Fatal Injury,Cyclist Collisions,Truck Driver,40 to 44,,West Rouge
17944,2022-08-22 08:00:00,MEADOWVALE RD,SHEPPARD AVE E,Scarborough,43.807902,-79.170619,No Control,Clear,"Dusk, artificial",Wet,Non-Fatal Injury,Cyclist Collisions,Cyclist,10 to 14,Major,West Rouge
17945,2022-08-22 08:00:00,MEADOWVALE RD,SHEPPARD AVE E,Scarborough,43.807902,-79.170619,No Control,Clear,"Dusk, artificial",Wet,Non-Fatal Injury,Cyclist Collisions,Passenger,15 to 19,,West Rouge
17946,2022-08-22 08:00:00,MEADOWVALE RD,SHEPPARD AVE E,Scarborough,43.807902,-79.170619,No Control,Clear,"Dusk, artificial",Wet,Non-Fatal Injury,Cyclist Collisions,Passenger,10 to 14,,West Rouge
17947,2022-08-22 08:00:00,2978 WESTON RD,,Etobicoke York,43.726855,-79.535571,No Control,Rain,"Dark, artificial",Wet,Fatal,Approaching,Driver,75 to 79,Major,Pelmo Park-Humberlea
17948,2022-08-22 08:00:00,2978 WESTON RD,,Etobicoke York,43.726855,-79.535571,No Control,Rain,"Dark, artificial",Wet,Fatal,Approaching,Driver,20 to 24,Fatal,Pelmo Park-Humberlea
17949,2022-08-23 08:00:00,SHEPPARD AVE E,BAYVIEW AVE,North York,43.766516,-79.388011,Traffic Signal,Clear,"Dark, artificial",Dry,Non-Fatal Injury,Turning Movement,Driver,80 to 84,Minor,Bayview Village
17950,2022-08-23 08:00:00,SHEPPARD AVE E,BAYVIEW AVE,North York,43.766516,-79.388011,Traffic Signal,Clear,"Dark, artificial",Dry,Non-Fatal Injury,Turning Movement,Driver,80 to 84,Major,Bayview Village
17951,2022-08-23 08:00:00,SHEPPARD AVE E,BAYVIEW AVE,North York,43.766516,-79.388011,Traffic Signal,Clear,"Dark, artificial",Dry,Non-Fatal Injury,Turning Movement,Passenger,75 to 79,Minor,Bayview Village
17952,2022-08-27 08:00:00,F G GARDINER XY  E,STRACHAN AVE,Toronto and East York,43.63666,-79.414516,No Control,Clear,"Dark, artificial",Dry,Non-Fatal Injury,Rear End,Motorcycle Driver,30 to 34,Major,Fort York-Liberty Village
17953,2022-08-27 08:00:00,F G GARDINER XY  E,STRACHAN AVE,Toronto and East York,43.63666,-79.414516,No Control,Clear,"Dark, artificial",Dry,Non-Fatal Injury,Rear End,Driver,20 to 24,,Fort York-Liberty Village
17954,2022-08-27 08:00:00,F G GARDINER XY  E,STRACHAN AVE,Toronto and East York,43.63666,-79.414516,No Control,Clear,"Dark, artificial",Dry,Non-Fatal Injury,Rear End,Passenger,25 to 29,,Fort York-Liberty Village
17955,2022-08-27 08:00:00,F G GARDINER XY  E,STRACHAN AVE,Toronto and East York,43.63666,-79.414516,No Control,Clear,"Dark, artificial",Dry,Non-Fatal Injury,Rear End,Passenger,25 to 29,,Fort York-Liberty Village
17956,2022-08-27 08:00:00,F G GARDINER XY  E,STRACHAN AVE,Toronto and East York,43.63666,-79.414516,No Control,Clear,"Dark, artificial",Dry,Non-Fatal Injury,Rear End,Passenger,25 to 29,,Fort York-Liberty Village
17957,2022-08-29 08:00:00,LAKE SHORE BLVD W,JAMESON AVE,Toronto and East York,43.633269,-79.43452,No Control,Clear,"Dark, artificial",Dry,Non-Fatal Injury,Pedestrian Collisions,Driver,unknown,,South Parkdale
17958,2022-08-29 08:00:00,LAKE SHORE BLVD W,JAMESON AVE,Toronto and East York,43.633269,-79.43452,No Control,Clear,"Dark, artificial",Dry,Non-Fatal Injury,Pedestrian Collisions,Pedestrian,35 to 39,Major,South Parkdale
17959,2022-08-30 08:00:00,124 EDENBRIDGE DR,,Etobicoke York,43.671797,-79.514888,No Control,Clear,Daylight,Dry,Non-Fatal Injury,Cyclist Collisions,Driver,30 to 34,,Edenbridge-Humber Valley
17960,2022-08-30 08:00:00,124 EDENBRIDGE DR,,Etobicoke York,43.671797,-79.514888,No Control,Clear,Daylight,Dry,Non-Fatal Injury,Cyclist Collisions,Cyclist,30 to 34,Major,Edenbridge-Humber Valley
17961,2022-08-30 08:00:00,124 EDENBRIDGE DR,,Etobicoke York,43.671797,-79.514888,No Control,Clear,Daylight,Dry,Non-Fatal Injury,Cyclist Collisions,Cyclist,20 to 24,Major,Edenbridge-Humber Valley
17962,2022-08-31 08:00:00,ROGERS RD,GILBERT AVE,Etobicoke York,43.683348,-79.459544,No Control,Clear,Daylight,Dry,Non-Fatal Injury,Pedestrian Collisions,Driver,55 to 59,,Caledonia-Fairbank
17963,2022-08-31 08:00:00,ROGERS RD,GILBERT AVE,Etobicoke York,43.683348,-79.459544,No Control,Clear,Daylight,Dry,Non-Fatal Injury,Pedestrian Collisions,Pedestrian,70 to 74,Major,Caledonia-Fairbank
17964,2022-09-01 08:00:00,DUNDAS ST W,CHELSEA AVE,,43.658145,-79.45296,No Control,Clear,Daylight,Dry,Non-Fatal Injury,Turning Movement,Driver,55 to 59,,High Park North
17965,2022-09-01 08:00:00,DUNDAS ST W,CHELSEA AVE,,43.658145,-79.45296,No Control,Clear,Daylight,Dry,Non-Fatal Injury,Turning Movement,Motorcycle Driver,40 to 44,Major,High Park North
17966,2022-09-01 08:00:00,WESTON RD,JANE ST,Etobicoke York,43.691222,-79.500865,Traffic Signal,Clear,"Dark, artificial",Dry,Non-Fatal Injury,Angle,Driver,35 to 39,Minor,Mount Dennis
17967,2022-09-01 08:00:00,WESTON RD,JANE ST,Etobicoke York,43.691222,-79.500865,Traffic Signal,Clear,"Dark, artificial",Dry,Non-Fatal Injury,Angle,Driver,35 to 39,Minimal,Mount Dennis
17968,2022-09-01 08:00:00,WESTON RD,JANE ST,Etobicoke York,43.691222,-79.500865,Traffic Signal,Clear,"Dark, artificial",Dry,Non-Fatal Injury,Angle,Driver,65 to 69,Minor,Mount Dennis
17969,2022-09-01 08:00:00,WESTON RD,JANE ST,Etobicoke York,43.691222,-79.500865,Traffic Signal,Clear,"Dark, artificial",Dry,Non-Fatal Injury,Angle,Passenger,35 to 39,Minor,Mount Dennis
17970,2022-09-01 08:00:00,WESTON RD,JANE ST,Etobicoke York,43.691222,-79.500865,Traffic Signal,Clear,"Dark, artificial",Dry,Non-Fatal Injury,Angle,Passenger,20 to 24,Major,Mount Dennis
17971,2022-09-03 08:00:00,BAYVIEW BLOOR DVP S RAMP,DON VALLEY PARKWAY  S,Toronto and East York,43.682494,-79.362987,No Control,Clear,Daylight,Dry,Non-Fatal Injury,SMV Other,Motorcycle Driver,45 to 49,Major,Broadview North
17972,2022-09-03 08:00:00,WILSON AVE,CORNELIUS PKWY,,43.728224,-79.477031,No Control,Clear,Dark,Dry,Fatal,Cyclist Collisions,Driver,55 to 59,,Downsview
17973,2022-09-03 08:00:00,WILSON AVE,CORNELIUS PKWY,,43.728224,-79.477031,No Control,Clear,Dark,Dry,Fatal,Cyclist Collisions,Cyclist,40 to 44,Fatal,Downsview
17974,2022-09-03 08:00:00,WILSON AVE,CORNELIUS PKWY,,43.728224,-79.477031,No Control,Clear,Dark,Dry,Fatal,Cyclist Collisions,Passenger,15 to 19,,Downsview
17975,2022-09-04 08:00:00,DANFORTH AVE,LEYTON AVE,Scarborough,43.693495,-79.27782,Stop Sign,Clear,"Dark, artificial",Dry,Non-Fatal Injury,Angle,Driver,15 to 19,,Oakridge
17976,2022-09-04 08:00:00,DANFORTH AVE,LEYTON AVE,Scarborough,43.693495,-79.27782,Stop Sign,Clear,"Dark, artificial",Dry,Non-Fatal Injury,Angle,Driver,55 to 59,Major,Oakridge
17977,2022-09-05 08:00:00,YONGE ST,COLLEGE ST,Toronto and East York,43.661299,-79.383067,Traffic Signal,Clear,"Dark, artificial",Dry,Fatal,Pedestrian Collisions,Driver,30 to 34,,Downtown Yonge East
17978,2022-09-05 08:00:00,YONGE ST,COLLEGE ST,Toronto and East York,43.661299,-79.383067,Traffic Signal,Clear,"Dark, artificial",Dry,Fatal,Pedestrian Collisions,Driver,25 to 29,,Downtown Yonge East
17979,2022-09-05 08:00:00,YONGE ST,COLLEGE ST,Toronto and East York,43.661299,-79.383067,Traffic Signal,Clear,"Dark, artificial",Dry,Fatal,Pedestrian Collisions,Pedestrian,40 to 44,Fatal,Downtown Yonge East
17980,2022-09-06 08:00:00,SCARLETT RD,BRAEBURN AVE,Etobicoke York,43.700743,-79.526279,No Control,Clear,Daylight,Dry,Non-Fatal Injury,Turning Movement,Driver,55 to 59,Minimal,Humber Heights-Westmount
17981,2022-09-06 08:00:00,SCARLETT RD,BRAEBURN AVE,Etobicoke York,43.700743,-79.526279,No Control,Clear,Daylight,Dry,Non-Fatal Injury,Turning Movement,Driver,25 to 29,Major,Humber Heights-Westmount
17982,2022-09-06 08:00:00,SCARLETT RD,BRAEBURN AVE,Etobicoke York,43.700743,-79.526279,No Control,Clear,Daylight,Dry,Non-Fatal Injury,Turning Movement,Passenger,50 to 54,Minimal,Humber Heights-Westmount
17983,2022-09-06 08:00:00,DANFORTH RD,MIDLAND AVE,Scarborough,43.724185,-79.25436,No Control,Clear,"Dawn, artificial",Dry,Non-Fatal Injury,Pedestrian Collisions,Driver,55 to 59,,Kennedy Park
17984,2022-09-06 08:00:00,DANFORTH RD,MIDLAND AVE,Scarborough,43.724185,-79.25436,No Control,Clear,"Dawn, artificial",Dry,Non-Fatal Injury,Pedestrian Collisions,Pedestrian,25 to 29,Major,Kennedy Park
17985,2022-09-07 08:00:00,WESTON RD,RAY AVE,,43.688578,-79.494197,Traffic Signal,Clear,Dawn,Dry,Non-Fatal Injury,Turning Movement,Driver,20 to 24,,Mount Dennis
17986,2022-09-07 08:00:00,WESTON RD,RAY AVE,,43.688578,-79.494197,Traffic Signal,Clear,Dawn,Dry,Non-Fatal Injury,Turning Movement,Motorcycle Driver,30 to 34,Major,Mount Dennis
17987,2022-09-08 08:00:00,106 LAWRENCE  AVE E,ARDROSSAN  PL,North York,43.726405,-79.395648,No Control,Clear,"Dawn, artificial",Dry,Property Damage O,Pedestrian Collisions,Driver,50 to 54,,Lawrence Park South
17988,2022-09-08 08:00:00,106 LAWRENCE  AVE E,ARDROSSAN  PL,North York,43.726405,-79.395648,No Control,Clear,"Dawn, artificial",Dry,Property Damage O,Pedestrian Collisions,Pedestrian,15 to 19,Major,Lawrence Park South
17989,2022-09-09 08:00:00,SHEPPARD AVE W,WILSON HEIGHTS BLVD,North York,43.751399,-79.457629,No Control,Clear,Daylight,Dry,Non-Fatal Injury,Cyclist Collisions,Cyclist,65 to 69,Major,Clanton Park
17990,2022-09-09 08:00:00,SHEPPARD AVE W,WILSON HEIGHTS BLVD,North York,43.751399,-79.457629,No Control,Clear,Daylight,Dry,Non-Fatal Injury,Cyclist Collisions,Driver,40 to 44,,Clanton Park
17991,2022-09-10 08:00:00,LAKE SHORE BV W,NET DR,Toronto and East York,43.634391,-79.439014,No Control,Clear,Daylight,Dry,Non-Fatal Injury,Turning Movement,Motorcycle Driver,35 to 39,Major,South Parkdale
17992,2022-09-10 08:00:00,LAKE SHORE BV W,NET DR,Toronto and East York,43.634391,-79.439014,No Control,Clear,Daylight,Dry,Non-Fatal Injury,Turning Movement,Driver,25 to 29,,South Parkdale
17993,2022-09-12 08:00:00,ISLINGTON AVENUE AND SATTERLY ROAD,ISLINGTON AV,Etobicoke York,43.758406,-79.570651,Traffic Signal,Clear,"Dark, artificial",Dry,Non-Fatal Injury,Turning Movement,Driver,25 to 29,,Humber Summit
17994,2022-09-12 08:00:00,ISLINGTON AVENUE AND SATTERLY ROAD,ISLINGTON AV,Etobicoke York,43.758406,-79.570651,Traffic Signal,Clear,"Dark, artificial",Dry,Non-Fatal Injury,Turning Movement,Motorcycle Driver,30 to 34,Major,Humber Summit
17995,2022-09-13 08:00:00,SHEPPARD AVE E,NEILSON RD,Scarborough,43.79803,-79.217654,Traffic Signal,Clear,Daylight,Dry,Non-Fatal Injury,Turning Movement,Driver,40 to 44,Minimal,Malvern East
17996,2022-09-13 08:00:00,SHEPPARD AVE E,NEILSON RD,Scarborough,43.79803,-79.217654,Traffic Signal,Clear,Daylight,Dry,Non-Fatal Injury,Turning Movement,Driver,20 to 24,Minimal,Malvern East
17997,2022-09-13 08:00:00,SHEPPARD AVE E,NEILSON RD,Scarborough,43.79803,-79.217654,Traffic Signal,Clear,Daylight,Dry,Non-Fatal Injury,Turning Movement,Passenger,15 to 19,Major,Malvern East
17998,2022-09-14 08:00:00,KING ST E,CHURCH ST,Toronto and East York,43.649707,-79.374957,No Control,Clear,Daylight,Dry,Non-Fatal Injury,Cyclist Collisions,Motorcycle Driver,20 to 24,Major,Downtown Yonge East
17999,2022-09-14 08:00:00,KING ST E,CHURCH ST,Toronto and East York,43.649707,-79.374957,No Control,Clear,Daylight,Dry,Non-Fatal Injury,Cyclist Collisions,Cyclist,40 to 44,,Downtown Yonge East
18000,2022-09-14 08:00:00,RUNNYMEDE RD,MARIA ST,,43.666323,-79.482394,No Control,Clear,"Dark, artificial",Dry,Non-Fatal Injury,Rear End,Driver,unknown,,Junction Area
18001,2022-09-14 08:00:00,RUNNYMEDE RD,MARIA ST,,43.666323,-79.482394,No Control,Clear,"Dark, artificial",Dry,Non-Fatal Injury,Rear End,Driver,20 to 24,,Junction Area
18002,2022-09-14 08:00:00,RUNNYMEDE RD,MARIA ST,,43.666323,-79.482394,No Control,Clear,"Dark, artificial",Dry,Non-Fatal Injury,Rear End,Motorcycle Driver,50 to 54,Major,Junction Area
18003,2022-09-15 08:00:00,EGLINTON AVE W,SCARLETT RD ET,Etobicoke York,43.68386,-79.51144,Traffic Signal,Clear,Daylight,Dry,Non-Fatal Injury,Rear End,Truck Driver,40 to 44,,Edenbridge-Humber Valley